a9 a9 a9 a9 a9 a9 a9 a9  a9 a9 a9 a9 a9 a9 a9 a9 
a9 a9 a9 a9 a9 a9 a9 a9  a9 a9 a9 a9 a9 a9 a9 a9 
a9 a9 a9 a9 a9 a9 a9 a9  a9 a9 a9 a9 a9 a9 a9 a9 
a9 a9 a9 a9 a9 a9 a9 a9  a9 a9 a9 a9 a9 a9 a9 a9 
a9 a9 a9 a9 a9 a9 a9 a9  a9 a9 a9 a9 a9 a9 a9 a9 
a9 a9 a9 a9 a9 a9 a9 a9  a9 a9 a9 a9 a9 a9 a9 a9 
a9 a9 a9 a9 a9 a9 a9 a9  a9 a9 a9 a9 a9 a9 a9 a9 
a9 a9 a9 a9 a9 a9 a9 a9  a9 a9 a9 a9 a9 a9 a9 a9 
a9 a9 a9 a9 a9 a9 a9 a9  a9 a9 a9 a9 a9 a9 a9 a9 
a9 a9 a9 a9 a9 a9 a9 a9  a9 a9 a9 a9 a9 a9 a9 a9 
a9 a9 a9 a9 a9 a9 a9 a9  a9 a9 a9 a9 a9 a9 a9 a9 
a9 a9 a9 a9 a9 a9 a9 a9  a9 a9 a9 a9 a9 a9 a9 a9 
49 49 49 49 49 49 49 49  49 49 49 49 49 49 49 49 
49 49 49 49 49 49 49 49  49 49 49 49 49 49 49 49 
49 49 49 49 49 49 49 49  49 49 49 49 49 49 49 49 
49 49 49 49 49 49 49 49  49 49 49 49 49 49 49 49 
49 49 49 49 49 49 49 49  49 49 49 49 49 49 49 49 
49 49 49 49 49 49 49 49  49 49 49 49 49 49 49 49 
49 49 49 49 49 49 49 49  49 49 49 49 49 49 49 49 
49 49 49 49 49 49 49 49  49 49 49 49 49 49 49 49 
49 49 49 49 49 49 49 49  49 49 49 49 49 49 49 49 
49 49 49 49 49 49 49 49  49 49 49 49 49 49 49 49 
49 49 49 49 49 49 49 49  49 49 49 49 49 49 49 49 
49 49 49 49 49 49 49 49  49 49 49 49 49 49 49 49 
00 00 00 00 00 00 00 00  00 00 00 00 00 00 00 00 
00 00 00 00 00 00 00 00  00 00 00 00 00 00 00 00 
00 00 00 00 00 00 00 00  00 00 00 00 00 00 00 00 
00 00 00 00 00 00 00 00  00 00 00 00 00 00 00 00 
00 00 00 00 00 00 00 00  00 00 00 00 00 00 00 00 
00 00 00 00 00 00 00 00  00 00 00 00 00 00 00 00 
00 00 00 00 00 00 00 00  00 00 00 00 00 00 00 00 
00 00 00 00 00 00 00 00  00 00 00 00 00 00 00 00 
00 00 00 00 00 00 00 00  00 00 00 00 00 00 00 00 
00 00 00 00 00 00 00 00  00 00 00 00 00 00 00 00 
00 00 00 00 00 00 00 00  00 00 00 00 00 00 00 00 
00 00 00 00 00 00 00 00  00 00 00 00 00 00 00 00 
01 01 01 01 01 01 01 01  01 01 01 01 01 01 01 01 
01 01 01 01 01 01 01 01  01 01 01 01 01 01 01 01 
01 01 01 01 01 01 01 01  01 01 01 01 01 01 01 01 
01 01 01 01 01 01 01 01  01 01 01 01 01 01 01 01 
01 01 01 01 01 01 01 01  01 01 01 01 01 01 01 01 
01 01 01 01 01 01 01 01  01 01 01 01 01 01 01 01 
01 01 01 01 01 01 01 01  01 01 01 01 01 01 01 01 
01 01 01 01 01 01 01 01  01 01 01 01 01 01 01 01 
01 01 01 01 01 01 01 01  01 01 01 01 01 01 01 01 
01 01 01 01 01 01 01 01  01 01 01 01 01 01 01 01 
01 01 01 01 01 01 01 01  01 01 01 01 01 01 01 01 
01 01 01 01 01 01 01 01  01 01 01 01 01 01 01 01 
01 01 01 01 01 01 01 01  01 01 01 01 01 01 01 01 
01 01 01 01 01 01 01 01  01 01 01 01 01 01 01 01 
01 01 01 01 01 01 01 01  01 01 01 01 01 01 01 01 
01 01 01 01 01 01 01 01  01 01 01 01 01 01 01 01 
01 01 01 01 01 01 01 01  01 01 01 01 01 01 01 01 
01 01 01 01 01 01 01 01  01 01 01 01 01 01 01 01 
01 01 01 01 01 01 01 01  01 01 01 01 01 01 01 01 
01 01 01 01 01 01 01 01  01 01 01 01 01 01 01 01 
01 01 01 01 01 01 01 01  01 01 01 01 01 01 01 01 
01 01 01 01 01 01 01 01  01 01 01 01 01 01 01 01 
01 01 01 01 01 01 01 01  01 01 01 01 01 01 01 01 
01 01 01 01 01 01 01 01  01 01 01 01 01 01 01 01 
49 49 49 49 49 49 49 49  49 49 49 49 49 49 49 49 
49 49 49 49 49 49 49 49  49 49 49 49 49 49 49 49 
49 49 49 49 49 49 49 49  49 49 49 49 49 49 49 49 
49 49 49 49 49 49 49 49  49 49 49 49 49 49 49 49 
49 49 49 49 49 49 49 49  49 49 49 49 49 49 49 49 
49 49 49 49 49 49 49 49  49 49 49 49 49 49 49 49 
49 49 49 49 49 49 49 49  49 49 49 49 49 49 49 49 
49 49 49 49 49 49 49 49  49 49 49 49 49 49 49 49 
49 49 49 49 49 49 49 49  49 49 49 49 49 49 49 49 
49 49 49 49 49 49 49 49  49 49 49 49 49 49 49 49 
49 49 49 49 49 49 49 49  49 49 49 49 49 49 49 49 
49 49 49 49 49 49 49 49  49 49 49 49 49 49 49 49 
00 00 00 00 00 00 00 00  00 00 00 00 00 00 00 00 
00 00 00 00 00 00 00 00  00 00 00 00 00 00 00 00 
00 00 00 00 00 00 00 00  00 00 00 00 00 00 00 00 
00 00 00 00 00 00 00 00  00 00 00 00 00 00 00 00 
00 00 00 00 00 00 00 00  00 00 00 00 00 00 00 00 
00 00 00 00 00 00 00 00  00 00 00 00 00 00 00 00 
00 00 00 00 00 00 00 00  00 00 00 00 00 00 00 00 
00 00 00 00 00 00 00 00  00 00 00 00 00 00 00 00 
00 00 00 00 00 00 00 00  00 00 00 00 00 00 00 00 
00 00 00 00 00 00 00 00  00 00 00 00 00 00 00 00 
00 00 00 00 00 00 00 00  00 00 00 00 00 00 00 00 
00 00 00 00 00 00 00 00  00 00 00 00 00 00 00 00 
01 01 01 01 01 01 01 01  01 01 01 01 01 01 01 01 
01 01 01 01 01 01 01 01  01 01 01 01 01 01 01 01 
01 01 01 01 01 01 01 01  01 01 01 01 01 01 01 01 
01 01 01 01 01 01 01 01  01 01 01 01 01 01 01 01 
01 01 01 01 01 01 01 01  01 01 01 01 01 01 01 01 
01 01 01 01 01 01 01 01  01 01 01 01 01 01 01 01 
01 01 01 01 01 01 01 01  01 01 01 01 01 01 01 01 
01 01 01 01 01 01 01 01  01 01 01 01 01 01 01 01 
01 01 01 01 01 01 01 01  01 01 01 01 01 01 01 01 
01 01 01 01 01 01 01 01  01 01 01 01 01 01 01 01 
01 01 01 01 01 01 01 01  01 01 01 01 01 01 01 01 
01 01 01 01 01 01 01 01  01 01 01 01 01 01 01 01 
01 01 01 01 01 01 01 01  01 01 01 01 01 01 01 01 
01 01 01 01 01 01 01 01  01 01 01 01 01 01 01 01 
01 01 01 01 01 01 01 01  01 01 01 01 01 01 01 01 
01 01 01 01 01 01 01 01  01 01 01 01 01 01 01 01 
01 01 01 01 01 01 01 01  01 01 01 01 01 01 01 01 
01 01 01 01 01 01 01 01  01 01 01 01 01 01 01 01 
01 01 01 01 01 01 01 01  01 01 01 01 01 01 01 01 
01 01 01 01 01 01 01 01  01 01 01 01 01 01 01 01 
01 01 01 01 01 01 01 01  01 01 01 01 01 01 01 01 
01 01 01 01 01 01 01 01  01 01 01 01 01 01 01 01 
01 01 01 01 01 01 01 01  01 01 01 01 01 01 01 01 
01 01 01 01 01 01 01 01  01 01 01 01 01 01 01 01 
49 49 49 49 49 49 49 49  49 49 49 49 49 49 49 49 
49 49 49 49 49 49 49 49  49 49 49 49 49 49 49 49 
49 49 49 49 49 49 49 49  49 49 49 49 49 49 49 49 
49 49 49 49 49 49 49 49  49 49 49 49 49 49 49 49 
49 49 49 49 49 49 49 49  49 49 49 49 49 49 49 49 
49 49 49 49 49 49 49 49  49 49 49 49 49 49 49 49 
49 49 49 49 49 49 49 49  49 49 49 49 49 49 49 49 
49 49 49 49 49 49 49 49  49 49 49 49 49 49 49 49 
49 49 49 49 49 49 49 49  49 49 49 49 49 49 49 49 
49 49 49 49 49 49 49 49  49 49 49 49 49 49 49 49 
49 49 49 49 49 49 49 49  49 49 49 49 49 49 49 49 
49 49 49 49 49 49 49 49  49 49 49 49 49 49 49 49 
00 00 00 00 00 00 00 00  00 00 00 00 00 00 00 00 
00 00 00 00 00 00 00 00  00 00 00 00 00 00 00 00 
00 00 00 00 00 00 00 00  00 00 00 00 00 00 00 00 
00 00 00 00 00 00 00 00  00 00 00 00 00 00 00 00 
00 00 00 00 00 00 00 00  00 00 00 00 00 00 00 00 
00 00 00 00 00 00 00 00  00 00 00 00 00 00 00 00 
00 00 00 00 00 00 00 00  00 00 00 00 00 00 00 00 
00 00 00 00 00 00 00 00  00 00 00 00 00 00 00 00 
00 00 00 00 00 00 00 00  00 00 00 00 00 00 00 00 
00 00 00 00 00 00 00 00  00 00 00 00 00 00 00 00 
00 00 00 00 00 00 00 00  00 00 00 00 00 00 00 00 
00 00 00 00 00 00 00 00  00 00 00 00 00 00 00 00 
01 01 01 01 01 01 01 01  01 01 01 01 01 01 01 01 
01 01 01 01 01 01 01 01  01 01 01 01 01 01 01 01 
01 01 01 01 01 01 01 01  01 01 01 01 01 01 01 01 
01 01 01 01 01 01 01 01  01 01 01 01 01 01 01 01 
01 01 01 01 01 01 01 01  01 01 01 01 01 01 01 01 
01 01 01 01 01 01 01 01  01 01 01 01 01 01 01 01 
01 01 01 01 01 01 01 01  01 01 01 01 01 01 01 01 
01 01 01 01 01 01 01 01  01 01 01 01 01 01 01 01 
01 01 01 01 01 01 01 01  01 01 01 01 01 01 01 01 
01 01 01 01 01 01 01 01  01 01 01 01 01 01 01 01 
01 01 01 01 01 01 01 01  01 01 01 01 01 01 01 01 
01 01 01 01 01 01 01 01  01 01 01 01 01 01 01 01 
01 01 01 01 01 01 01 01  01 01 01 01 01 01 01 01 
01 01 01 01 01 01 01 01  01 01 01 01 01 01 01 01 
01 01 01 01 01 01 01 01  01 01 01 01 01 01 01 01 
01 01 01 01 01 01 01 01  01 01 01 01 01 01 01 01 
01 01 01 01 01 01 01 01  01 01 01 01 01 01 01 01 
01 01 01 01 01 01 01 01  01 01 01 01 01 01 01 01 
01 01 01 01 01 01 01 01  01 01 01 01 01 01 01 01 
01 01 01 01 01 01 01 01  01 01 01 01 01 01 01 01 
01 01 01 01 01 01 01 01  01 01 01 01 01 01 01 01 
01 01 01 01 01 01 01 01  01 01 01 01 01 01 01 01 
01 01 01 01 01 01 01 01  01 01 01 01 01 01 01 01 
01 01 01 01 01 01 01 01  01 01 01 01 01 01 01 01 
49 49 49 49 49 49 49 49  49 49 49 49 49 49 49 49 
49 49 49 49 49 49 49 49  49 49 49 49 49 49 49 49 
49 49 49 49 49 49 49 49  49 49 49 49 49 49 49 49 
49 49 49 49 49 49 49 49  49 49 49 49 49 49 49 49 
49 49 49 49 49 49 49 49  49 49 49 49 49 49 49 49 
49 49 49 49 49 49 49 49  49 49 49 49 49 49 49 49 
49 49 49 49 49 49 49 49  49 49 49 49 49 49 49 49 
49 49 49 49 49 49 49 49  49 49 49 49 49 49 49 49 
49 49 49 49 49 49 49 49  49 49 49 49 49 49 49 49 
49 49 49 49 49 49 49 49  49 49 49 49 49 49 49 49 
49 49 49 49 49 49 49 49  49 49 49 49 49 49 49 49 
49 49 49 49 49 49 49 49  49 49 49 49 49 49 49 49 
00 00 00 00 00 00 00 00  00 00 00 00 00 00 00 00 
00 00 00 00 00 00 00 00  00 00 00 00 00 00 00 00 
00 00 00 00 00 00 00 00  00 00 00 00 00 00 00 00 
00 00 00 00 00 00 00 00  00 00 00 00 00 00 00 00 
00 00 00 00 00 00 00 00  00 00 00 00 00 00 00 00 
00 00 00 00 00 00 00 00  00 00 00 00 00 00 00 00 
00 00 00 00 00 00 00 00  00 00 00 00 00 00 00 00 
00 00 00 00 00 00 00 00  00 00 00 00 00 00 00 00 
00 00 00 00 00 00 00 00  00 00 00 00 00 00 00 00 
00 00 00 00 00 00 00 00  00 00 00 00 00 00 00 00 
00 00 00 00 00 00 00 00  00 00 00 00 00 00 00 00 
00 00 00 00 00 00 00 00  00 00 00 00 00 00 00 00 
01 01 01 01 01 01 01 01  01 01 01 01 01 01 01 01 
01 01 01 01 01 01 01 01  01 01 01 01 01 01 01 01 
01 01 01 01 01 01 01 01  01 01 01 01 01 01 01 01 
01 01 01 01 01 01 01 01  01 01 01 01 01 01 01 01 
01 01 01 01 01 01 01 01  01 01 01 01 01 01 01 01 
01 01 01 01 01 01 01 01  01 01 01 01 01 01 01 01 
01 01 01 01 01 01 01 01  01 01 01 01 01 01 01 01 
01 01 01 01 01 01 01 01  01 01 01 01 01 01 01 01 
01 01 01 01 01 01 01 01  01 01 01 01 01 01 01 01 
01 01 01 01 01 01 01 01  01 01 01 01 01 01 01 01 
01 01 01 01 01 01 01 01  01 01 01 01 01 01 01 01 
01 01 01 01 01 01 01 01  01 01 01 01 01 01 01 01 
01 01 01 01 01 01 01 01  01 01 01 01 01 01 01 01 
01 01 01 01 01 01 01 01  01 01 01 01 01 01 01 01 
01 01 01 01 01 01 01 01  01 01 01 01 01 01 01 01 
01 01 01 01 01 01 01 01  01 01 01 01 01 01 01 01 
01 01 01 01 01 01 01 01  01 01 01 01 01 01 01 01 
01 01 01 01 01 01 01 01  01 01 01 01 01 01 01 01 
01 01 01 01 01 01 01 01  01 01 01 01 01 01 01 01 
01 01 01 01 01 01 01 01  01 01 01 01 01 01 01 01 
01 01 01 01 01 01 01 01  01 01 01 01 01 01 01 01 
01 01 01 01 01 01 01 01  01 01 01 01 01 01 01 01 
01 01 01 01 01 01 01 01  01 01 01 01 01 01 01 01 
01 01 01 01 01 01 01 01  01 01 01 01 01 01 01 01 
49 49 49 49 49 49 49 49  49 49 49 49 49 49 49 49 
49 49 49 49 49 49 49 49  49 49 49 49 49 49 49 49 
49 49 49 49 49 49 49 49  49 49 49 49 49 49 49 49 
49 49 49 49 49 49 49 49  49 49 49 49 49 49 49 49 
49 49 49 49 49 49 49 49  49 49 49 49 49 49 49 49 
49 49 49 49 49 49 49 49  49 49 49 49 49 49 49 49 
49 49 49 49 49 49 49 49  49 49 49 49 49 49 49 49 
49 49 49 49 49 49 49 49  49 49 49 49 49 49 49 49 
49 49 49 49 49 49 49 49  49 49 49 49 49 49 49 49 
49 49 49 49 49 49 49 49  49 49 49 49 49 49 49 49 
49 49 49 49 49 49 49 49  49 49 49 49 49 49 49 49 
49 49 49 49 49 49 49 49  49 49 49 49 49 49 49 49 
00 00 00 00 00 00 00 00  00 00 00 00 00 00 00 00 
00 00 00 00 00 00 00 00  00 00 00 00 00 00 00 00 
00 00 00 00 00 00 00 00  00 00 00 00 00 00 00 00 
00 00 00 00 00 00 00 00  00 00 00 00 00 00 00 00 
00 00 00 00 00 00 00 00  00 00 00 00 00 00 00 00 
00 00 00 00 00 00 00 00  00 00 00 00 00 00 00 00 
00 00 00 00 00 00 00 00  00 00 00 00 00 00 00 00 
00 00 00 00 00 00 00 00  00 00 00 00 00 00 00 00 
00 00 00 00 00 00 00 00  00 00 00 00 00 00 00 00 
00 00 00 00 00 00 00 00  00 00 00 00 00 00 00 00 
00 00 00 00 00 00 00 00  00 00 00 00 00 00 00 00 
00 00 00 00 00 00 00 00  00 00 00 00 00 00 00 00 
01 01 01 01 01 01 01 01  01 01 01 01 01 01 01 01 
01 01 01 01 01 01 01 01  01 01 01 01 01 01 01 01 
01 01 01 01 01 01 01 01  01 01 01 01 01 01 01 01 
01 01 01 01 01 01 01 01  01 01 01 01 01 01 01 01 
01 01 01 01 01 01 01 01  01 01 01 01 01 01 01 01 
01 01 01 01 01 01 01 01  01 01 01 01 01 01 01 01 
01 01 01 01 01 01 01 01  01 01 01 01 01 01 01 01 
01 01 01 01 01 01 01 01  01 01 01 01 01 01 01 01 
01 01 01 01 01 01 01 01  01 01 01 01 01 01 01 01 
01 01 01 01 01 01 01 01  01 01 01 01 01 01 01 01 
01 01 01 01 01 01 01 01  01 01 01 01 01 01 01 01 
01 01 01 01 01 01 01 01  01 01 01 01 01 01 01 01 
01 01 01 01 01 01 01 01  01 01 01 01 01 01 01 01 
01 01 01 01 01 01 01 01  01 01 01 01 01 01 01 01 
01 01 01 01 01 01 01 01  01 01 01 01 01 01 01 01 
01 01 01 01 01 01 01 01  01 01 01 01 01 01 01 01 
01 01 01 01 01 01 01 01  01 01 01 01 01 01 01 01 
01 01 01 01 01 01 01 01  01 01 01 01 01 01 01 01 
01 01 01 01 01 01 01 01  01 01 01 01 01 01 01 01 
01 01 01 01 01 01 01 01  01 01 01 01 01 01 01 01 
01 01 01 01 01 01 01 01  01 01 01 01 01 01 01 01 
01 01 01 01 01 01 01 01  01 01 01 01 01 01 01 01 
01 01 01 01 01 01 01 01  01 01 01 01 01 01 01 01 
01 01 01 01 01 01 01 01  01 01 01 01 01 01 01 01 
49 49 49 49 49 49 49 49  49 49 49 49 49 49 49 49 
49 49 49 49 49 49 49 49  49 49 49 49 49 49 49 49 
49 49 49 49 49 49 49 49  49 49 49 49 49 49 49 49 
49 49 49 49 49 49 49 49  49 49 49 49 49 49 49 49 
49 49 49 49 49 49 49 49  49 49 49 49 49 49 49 49 
49 49 49 49 49 49 49 49  49 49 49 49 49 49 49 49 
49 49 49 49 49 49 49 49  49 49 49 49 49 49 49 49 
49 49 49 49 49 49 49 49  49 49 49 49 49 49 49 49 
49 49 49 49 49 49 49 49  49 49 49 49 49 49 49 49 
49 49 49 49 49 49 49 49  49 49 49 49 49 49 49 49 
49 49 49 49 49 49 49 49  49 49 49 49 49 49 49 49 
49 49 49 49 49 49 49 49  49 49 49 49 49 49 49 49 
00 00 00 00 00 00 00 00  00 00 00 00 00 00 00 00 
00 00 00 00 00 00 00 00  00 00 00 00 00 00 00 00 
00 00 00 00 00 00 00 00  00 00 00 00 00 00 00 00 
00 00 00 00 00 00 00 00  00 00 00 00 00 00 00 00 
00 00 00 00 00 00 00 00  00 00 00 00 00 00 00 00 
00 00 00 00 00 00 00 00  00 00 00 00 00 00 00 00 
00 00 00 00 00 00 00 00  00 00 00 00 00 00 00 00 
00 00 00 00 00 00 00 00  00 00 00 00 00 00 00 00 
00 00 00 00 00 00 00 00  00 00 00 00 00 00 00 00 
00 00 00 00 00 00 00 00  00 00 00 00 00 00 00 00 
00 00 00 00 00 00 00 00  00 00 00 00 00 00 00 00 
00 00 00 00 00 00 00 00  00 00 00 00 00 00 00 00 
01 01 01 01 01 01 01 01  01 01 01 01 01 01 01 01 
01 01 01 01 01 01 01 01  01 01 01 01 01 01 01 01 
01 01 01 01 01 01 01 01  01 01 01 01 01 01 01 01 
01 01 01 01 01 01 01 01  01 01 01 01 01 01 01 01 
01 01 01 01 01 01 01 01  01 01 01 01 01 01 01 01 
01 01 01 01 01 01 01 01  01 01 01 01 01 01 01 01 
01 01 01 01 01 01 01 01  01 01 01 01 01 01 01 01 
01 01 01 01 01 01 01 01  01 01 01 01 01 01 01 01 
01 01 01 01 01 01 01 01  01 01 01 01 01 01 01 01 
01 01 01 01 01 01 01 01  01 01 01 01 01 01 01 01 
01 01 01 01 01 01 01 01  01 01 01 01 01 01 01 01 
01 01 01 01 01 01 01 01  01 01 01 01 01 01 01 01 
01 01 01 01 01 01 01 01  01 01 01 01 01 01 01 01 
01 01 01 01 01 01 01 01  01 01 01 01 01 01 01 01 
01 01 01 01 01 01 01 01  01 01 01 01 01 01 01 01 
01 01 01 01 01 01 01 01  01 01 01 01 01 01 01 01 
01 01 01 01 01 01 01 01  01 01 01 01 01 01 01 01 
01 01 01 01 01 01 01 01  01 01 01 01 01 01 01 01 
01 01 01 01 01 01 01 01  01 01 01 01 01 01 01 01 
01 01 01 01 01 01 01 01  01 01 01 01 01 01 01 01 
01 01 01 01 01 01 01 01  01 01 01 01 01 01 01 01 
01 01 01 01 01 01 01 01  01 01 01 01 01 01 01 01 
01 01 01 01 01 01 01 01  01 01 01 01 01 01 01 01 
01 01 01 01 01 01 01 01  01 01 01 01 01 01 01 01 
49 49 49 49 49 49 49 49  49 49 49 49 49 49 49 49 
49 49 49 49 49 49 49 49  49 49 49 49 49 49 49 49 
49 49 49 49 49 49 49 49  49 49 49 49 49 49 49 49 
49 49 49 49 49 49 49 49  49 49 49 49 49 49 49 49 
49 49 49 49 49 49 49 49  49 49 49 49 49 49 49 49 
49 49 49 49 49 49 49 49  49 49 49 49 49 49 49 49 
49 49 49 49 49 49 49 49  49 49 49 49 49 49 49 49 
49 49 49 49 49 49 49 49  49 49 49 49 49 49 49 49 
49 49 49 49 49 49 49 49  49 49 49 49 49 49 49 49 
49 49 49 49 49 49 49 49  49 49 49 49 49 49 49 49 
49 49 49 49 49 49 49 49  49 49 49 49 49 49 49 49 
49 49 49 49 49 49 49 49  49 49 49 49 49 49 49 49 
00 00 00 00 00 00 00 00  00 00 00 00 00 00 00 00 
00 00 00 00 00 00 00 00  00 00 00 00 00 00 00 00 
00 00 00 00 00 00 00 00  00 00 00 00 00 00 00 00 
00 00 00 00 00 00 00 00  00 00 00 00 00 00 00 00 
00 00 00 00 00 00 00 00  00 00 00 00 00 00 00 00 
00 00 00 00 00 00 00 00  00 00 00 00 00 00 00 00 
00 00 00 00 00 00 00 00  00 00 00 00 00 00 00 00 
00 00 00 00 00 00 00 00  00 00 00 00 00 00 00 00 
00 00 00 00 00 00 00 00  00 00 00 00 00 00 00 00 
00 00 00 00 00 00 00 00  00 00 00 00 00 00 00 00 
00 00 00 00 00 00 00 00  00 00 00 00 00 00 00 00 
00 00 00 00 00 00 00 00  00 00 00 00 00 00 00 00 
01 01 01 01 01 01 01 01  01 01 01 01 01 01 01 01 
01 01 01 01 01 01 01 01  01 01 01 01 01 01 01 01 
01 01 01 01 01 01 01 01  01 01 01 01 01 01 01 01 
01 01 01 01 01 01 01 01  01 01 01 01 01 01 01 01 
01 01 01 01 01 01 01 01  01 01 01 01 01 01 01 01 
01 01 01 01 01 01 01 01  01 01 01 01 01 01 01 01 
01 01 01 01 01 01 01 01  01 01 01 01 01 01 01 01 
01 01 01 01 01 01 01 01  01 01 01 01 01 01 01 01 
01 01 01 01 01 01 01 01  01 01 01 01 01 01 01 01 
01 01 01 01 01 01 01 01  01 01 01 01 01 01 01 01 
01 01 01 01 01 01 01 01  01 01 01 01 01 01 01 01 
01 01 01 01 01 01 01 01  01 01 01 01 01 01 01 01 
01 01 01 01 01 01 01 01  01 01 01 01 01 01 01 01 
01 01 01 01 01 01 01 01  01 01 01 01 01 01 01 01 
01 01 01 01 01 01 01 01  01 01 01 01 01 01 01 01 
01 01 01 01 01 01 01 01  01 01 01 01 01 01 01 01 
01 01 01 01 01 01 01 01  01 01 01 01 01 01 01 01 
01 01 01 01 01 01 01 01  01 01 01 01 01 01 01 01 
01 01 01 01 01 01 01 01  01 01 01 01 01 01 01 01 
01 01 01 01 01 01 01 01  01 01 01 01 01 01 01 01 
01 01 01 01 01 01 01 01  01 01 01 01 01 01 01 01 
01 01 01 01 01 01 01 01  01 01 01 01 01 01 01 01 
01 01 01 01 01 01 01 01  01 01 01 01 01 01 01 01 
01 01 01 01 01 01 01 01  01 01 01 01 01 01 01 01 
49 49 49 49 49 49 49 49  49 49 49 49 49 49 49 49 
49 49 49 49 49 49 49 49  49 49 49 49 49 49 49 49 
49 49 49 49 49 49 49 49  49 49 49 49 49 49 49 49 
49 49 49 49 49 49 49 49  49 49 49 49 49 49 49 49 
49 49 49 49 49 49 49 49  49 49 49 49 49 49 49 49 
49 49 49 49 49 49 49 49  49 49 49 49 49 49 49 49 
49 49 49 49 49 49 49 49  49 49 49 49 49 49 49 49 
49 49 49 49 49 49 49 49  49 49 49 49 49 49 49 49 
49 49 49 49 49 49 49 49  49 49 49 49 49 49 49 49 
49 49 49 49 49 49 49 49  49 49 49 49 49 49 49 49 
49 49 49 49 49 49 49 49  49 49 49 49 49 49 49 49 
49 49 49 49 49 49 49 49  49 49 49 49 49 49 49 49 
00 00 00 00 00 00 00 00  00 00 00 00 00 00 00 00 
00 00 00 00 00 00 00 00  00 00 00 00 00 00 00 00 
00 00 00 00 00 00 00 00  00 00 00 00 00 00 00 00 
00 00 00 00 00 00 00 00  00 00 00 00 00 00 00 00 
00 00 00 00 00 00 00 00  00 00 00 00 00 00 00 00 
00 00 00 00 00 00 00 00  00 00 00 00 00 00 00 00 
00 00 00 00 00 00 00 00  00 00 00 00 00 00 00 00 
00 00 00 00 00 00 00 00  00 00 00 00 00 00 00 00 
00 00 00 00 00 00 00 00  00 00 00 00 00 00 00 00 
00 00 00 00 00 00 00 00  00 00 00 00 00 00 00 00 
00 00 00 00 00 00 00 00  00 00 00 00 00 00 00 00 
00 00 00 00 00 00 00 00  00 00 00 00 00 00 00 00 
01 01 01 01 01 01 01 01  01 01 01 01 01 01 01 01 
01 01 01 01 01 01 01 01  01 01 01 01 01 01 01 01 
01 01 01 01 01 01 01 01  01 01 01 01 01 01 01 01 
01 01 01 01 01 01 01 01  01 01 01 01 01 01 01 01 
01 01 01 01 01 01 01 01  01 01 01 01 01 01 01 01 
01 01 01 01 01 01 01 01  01 01 01 01 01 01 01 01 
01 01 01 01 01 01 01 01  01 01 01 01 01 01 01 01 
01 01 01 01 01 01 01 01  01 01 01 01 01 01 01 01 
01 01 01 01 01 01 01 01  01 01 01 01 01 01 01 01 
01 01 01 01 01 01 01 01  01 01 01 01 01 01 01 01 
01 01 01 01 01 01 01 01  01 01 01 01 01 01 01 01 
01 01 01 01 01 01 01 01  01 01 01 01 01 01 01 01 
01 01 01 01 01 01 01 01  01 01 01 01 01 01 01 01 
01 01 01 01 01 01 01 01  01 01 01 01 01 01 01 01 
01 01 01 01 01 01 01 01  01 01 01 01 01 01 01 01 
01 01 01 01 01 01 01 01  01 01 01 01 01 01 01 01 
01 01 01 01 01 01 01 01  01 01 01 01 01 01 01 01 
01 01 01 01 01 01 01 01  01 01 01 01 01 01 01 01 
01 01 01 01 01 01 01 01  01 01 01 01 01 01 01 01 
01 01 01 01 01 01 01 01  01 01 01 01 01 01 01 01 
01 01 01 01 01 01 01 01  01 01 01 01 01 01 01 01 
01 01 01 01 01 01 01 01  01 01 01 01 01 01 01 01 
01 01 01 01 01 01 01 01  01 01 01 01 01 01 01 01 
01 01 01 01 01 01 01 01  01 01 01 01 01 01 01 01 
49 49 49 49 49 49 49 49  49 49 49 49 49 49 49 49 
49 49 49 49 49 49 49 49  49 49 49 49 49 49 49 49 
49 49 49 49 49 49 49 49  49 49 49 49 49 49 49 49 
49 49 49 49 49 49 49 49  49 49 49 49 49 49 49 49 
49 49 49 49 49 49 49 49  49 49 49 49 49 49 49 49 
49 49 49 49 49 49 49 49  49 49 49 49 49 49 49 49 
49 49 49 49 49 49 49 49  49 49 49 49 49 49 49 49 
49 49 49 49 49 49 49 49  49 49 49 49 49 49 49 49 
49 49 49 49 49 49 49 49  49 49 49 49 49 49 49 49 
49 49 49 49 49 49 49 49  49 49 49 49 49 49 49 49 
49 49 49 49 49 49 49 49  49 49 49 49 49 49 49 49 
49 49 49 49 49 49 49 49  49 49 49 49 49 49 49 49 
00 00 00 00 00 00 00 00  00 00 00 00 00 00 00 00 
00 00 00 00 00 00 00 00  00 00 00 00 00 00 00 00 
00 00 00 00 00 00 00 00  00 00 00 00 00 00 00 00 
00 00 00 00 00 00 00 00  00 00 00 00 00 00 00 00 
00 00 00 00 00 00 00 00  00 00 00 00 00 00 00 00 
00 00 00 00 00 00 00 00  00 00 00 00 00 00 00 00 
00 00 00 00 00 00 00 00  00 00 00 00 00 00 00 00 
00 00 00 00 00 00 00 00  00 00 00 00 00 00 00 00 
00 00 00 00 00 00 00 00  00 00 00 00 00 00 00 00 
00 00 00 00 00 00 00 00  00 00 00 00 00 00 00 00 
00 00 00 00 00 00 00 00  00 00 00 00 00 00 00 00 
00 00 00 00 00 00 00 00  00 00 00 00 00 00 00 00 
01 01 01 01 01 01 01 01  01 01 01 01 01 01 01 01 
01 01 01 01 01 01 01 01  01 01 01 01 01 01 01 01 
01 01 01 01 01 01 01 01  01 01 01 01 01 01 01 01 
01 01 01 01 01 01 01 01  01 01 01 01 01 01 01 01 
01 01 01 01 01 01 01 01  01 01 01 01 01 01 01 01 
01 01 01 01 01 01 01 01  01 01 01 01 01 01 01 01 
01 01 01 01 01 01 01 01  01 01 01 01 01 01 01 01 
01 01 01 01 01 01 01 01  01 01 01 01 01 01 01 01 
01 01 01 01 01 01 01 01  01 01 01 01 01 01 01 01 
01 01 01 01 01 01 01 01  01 01 01 01 01 01 01 01 
01 01 01 01 01 01 01 01  01 01 01 01 01 01 01 01 
01 01 01 01 01 01 01 01  01 01 01 01 01 01 01 01 
01 01 01 01 01 01 01 01  01 01 01 01 01 01 01 01 
01 01 01 01 01 01 01 01  01 01 01 01 01 01 01 01 
01 01 01 01 01 01 01 01  01 01 01 01 01 01 01 01 
01 01 01 01 01 01 01 01  01 01 01 01 01 01 01 01 
01 01 01 01 01 01 01 01  01 01 01 01 01 01 01 01 
01 01 01 01 01 01 01 01  01 01 01 01 01 01 01 01 
01 01 01 01 01 01 01 01  01 01 01 01 01 01 01 01 
01 01 01 01 01 01 01 01  01 01 01 01 01 01 01 01 
01 01 01 01 01 01 01 01  01 01 01 01 01 01 01 01 
01 01 01 01 01 01 01 01  01 01 01 01 01 01 01 01 
01 01 01 01 01 01 01 01  01 01 01 01 01 01 01 01 
01 01 01 01 01 01 01 01  01 01 01 01 01 01 01 01 
49 49 49 49 49 49 49 49  49 49 49 49 49 49 49 49 
49 49 49 49 49 49 49 49  49 49 49 49 49 49 49 49 
49 49 49 49 49 49 49 49  49 49 49 49 49 49 49 49 
49 49 49 49 49 49 49 49  49 49 49 49 49 49 49 49 
49 49 49 49 49 49 49 49  49 49 49 49 49 49 49 49 
49 49 49 49 49 49 49 49  49 49 49 49 49 49 49 49 
49 49 49 49 49 49 49 49  49 49 49 49 49 49 49 49 
49 49 49 49 49 49 49 49  49 49 49 49 49 49 49 49 
49 49 49 49 49 49 49 49  49 49 49 49 49 49 49 49 
49 49 49 49 49 49 49 49  49 49 49 49 49 49 49 49 
49 49 49 49 49 49 49 49  49 49 49 49 49 49 49 49 
49 49 49 49 49 49 49 49  49 49 49 49 49 49 49 49 
00 00 00 00 00 00 00 00  00 00 00 00 00 00 00 00 
00 00 00 00 00 00 00 00  00 00 00 00 00 00 00 00 
00 00 00 00 00 00 00 00  00 00 00 00 00 00 00 00 
00 00 00 00 00 00 00 00  00 00 00 00 00 00 00 00 
00 00 00 00 00 00 00 00  00 00 00 00 00 00 00 00 
00 00 00 00 00 00 00 00  00 00 00 00 00 00 00 00 
00 00 00 00 00 00 00 00  00 00 00 00 00 00 00 00 
00 00 00 00 00 00 00 00  00 00 00 00 00 00 00 00 
00 00 00 00 00 00 00 00  00 00 00 00 00 00 00 00 
00 00 00 00 00 00 00 00  00 00 00 00 00 00 00 00 
00 00 00 00 00 00 00 00  00 00 00 00 00 00 00 00 
00 00 00 00 00 00 00 00  00 00 00 00 00 00 00 00 
01 01 01 01 01 01 01 01  01 01 01 01 01 01 01 01 
01 01 01 01 01 01 01 01  01 01 01 01 01 01 01 01 
01 01 01 01 01 01 01 01  01 01 01 01 01 01 01 01 
01 01 01 01 01 01 01 01  01 01 01 01 01 01 01 01 
01 01 01 01 01 01 01 01  01 01 01 01 01 01 01 01 
01 01 01 01 01 01 01 01  01 01 01 01 01 01 01 01 
01 01 01 01 01 01 01 01  01 01 01 01 01 01 01 01 
01 01 01 01 01 01 01 01  01 01 01 01 01 01 01 01 
01 01 01 01 01 01 01 01  01 01 01 01 01 01 01 01 
01 01 01 01 01 01 01 01  01 01 01 01 01 01 01 01 
01 01 01 01 01 01 01 01  01 01 01 01 01 01 01 01 
01 01 01 01 01 01 01 01  01 01 01 01 01 01 01 01 
01 01 01 01 01 01 01 01  01 01 01 01 01 01 01 01 
01 01 01 01 01 01 01 01  01 01 01 01 01 01 01 01 
01 01 01 01 01 01 01 01  01 01 01 01 01 01 01 01 
01 01 01 01 01 01 01 01  01 01 01 01 01 01 01 01 
01 01 01 01 01 01 01 01  01 01 01 01 01 01 01 01 
01 01 01 01 01 01 01 01  01 01 01 01 01 01 01 01 
01 01 01 01 01 01 01 01  01 01 01 01 01 01 01 01 
01 01 01 01 01 01 01 01  01 01 01 01 01 01 01 01 
01 01 01 01 01 01 01 01  01 01 01 01 01 01 01 01 
01 01 01 01 01 01 01 01  01 01 01 01 01 01 01 01 
01 01 01 01 01 01 01 01  01 01 01 01 01 01 01 01 
01 01 01 01 01 01 01 01  01 01 01 01 01 01 01 01 
49 49 49 49 49 49 49 49  49 49 49 49 49 49 49 49 
49 49 49 49 49 49 49 49  49 49 49 49 49 49 49 49 
49 49 49 49 49 49 49 49  49 49 49 49 49 49 49 49 
49 49 49 49 49 49 49 49  49 49 49 49 49 49 49 49 
49 49 49 49 49 49 49 49  49 49 49 49 49 49 49 49 
49 49 49 49 49 49 49 49  49 49 49 49 49 49 49 49 
49 49 49 49 49 49 49 49  49 49 49 49 49 49 49 49 
49 49 49 49 49 49 49 49  49 49 49 49 49 49 49 49 
49 49 49 49 49 49 49 49  49 49 49 49 49 49 49 49 
49 49 49 49 49 49 49 49  49 49 49 49 49 49 49 49 
49 49 49 49 49 49 49 49  49 49 49 49 49 49 49 49 
49 49 49 49 49 49 49 49  49 49 49 49 49 49 49 49 
00 00 00 00 00 00 00 00  00 00 00 00 00 00 00 00 
00 00 00 00 00 00 00 00  00 00 00 00 00 00 00 00 
00 00 00 00 00 00 00 00  00 00 00 00 00 00 00 00 
00 00 00 00 00 00 00 00  00 00 00 00 00 00 00 00 
00 00 00 00 00 00 00 00  00 00 00 00 00 00 00 00 
00 00 00 00 00 00 00 00  00 00 00 00 00 00 00 00 
00 00 00 00 00 00 00 00  00 00 00 00 00 00 00 00 
00 00 00 00 00 00 00 00  00 00 00 00 00 00 00 00 
00 00 88 fd 12 c4 00 00  00 00 55 be 92 fd 00 00 
00 40 35 3b 84 7f 00 00  00 04 0c fd 07 ff 00 00 
00 00 85 ad 98 99 10 00  00 00 13 ff 8d fe 40 00 
00 00 68 ff 4d ff 02 00  00 00 6a ff ad ea 00 00 
00 00 12 d7 e0 8e 00 00  00 00 59 ff 12 d9 00 00 
00 00 c5 f9 d2 7f 00 00  00 00 04 ff f1 8e 00 00 
00 00 58 ff 63 fd 00 00  00 00 68 ff e6 ef 00 00 
00 00 80 ff 72 7b 00 00  00 00 4d a8 94 fd 00 00 
00 00 49 ef 79 fd 02 00  00 00 14 ff a0 ff 00 00 
00 00 02 bf 2a ff 00 00  00 00 c7 af b0 fb 00 00 
00 80 18 ff 54 d5 00 00  00 09 01 bb 5e ff c0 00 
00 00 1c ff b8 bf 00 00  00 20 e1 63 d0 fe 00 00 
00 08 30 ef 2d eb 00 00  00 00 40 fe 64 ff 00 00 
00 00 70 7e ea ff 01 00  00 00 a1 7f 60 ff 04 00 
00 00 64 ff 5a ef 00 00  00 00 4d bf dc ff 08 00 
00 80 80 ff ff fe 04 80  00 00 d6 df 9d ee 40 00 
00 00 02 fe 91 fb 02 00  00 00 23 df 0f 79 00 00 
00 00 12 ff d3 3d 00 00  00 00 21 a7 70 ff 00 00 
00 00 9a df ca 7d 10 00  00 00 19 bf 6f 6f 00 00 
00 00 28 ff 02 d7 00 00  00 20 aa ff e2 fb 00 00 
00 00 1b f5 4b fd 00 00  00 00 00 ff 21 6f 00 00 
00 00 01 fa 11 ef a0 00  00 00 45 ff 8a ff 00 00 
00 00 41 e5 af 56 c0 00  00 00 b1 fd b8 ff 00 00 
00 00 c4 ff 16 fb 01 00  00 00 01 dd da 39 00 00 
00 10 21 ff f9 ff 00 00  00 00 20 ff 51 bd 00 00 
00 00 84 ff 50 bb 80 00  00 00 8e ff 43 5f 00 00 
00 00 0a fe 75 fe 00 00  00 01 81 ff 09 7f 00 00 
00 04 b8 65 a8 a5 04 00  00 00 75 fb 3c fd 00 00 
00 00 e2 e7 81 ed 00 00  00 00 5f f7 98 3f 00 00 
00 00 74 ff e1 fd 00 00  00 20 14 df c3 ff 00 00 
00 00 27 fd b2 4a 00 00  00 00 41 7f 58 b6 08 00 
00 00 cc fd f4 f7 00 00  00 40 1b ff 74 7f 01 00 
00 00 57 ff 8d ff 00 00  00 00 03 bf d1 db 08 00 
00 00 80 fb 83 6b 02 00  00 00 a4 eb a6 d6 00 00 
00 00 51 df f1 fd 00 00  00 04 87 3f 02 5f 20 00 
00 01 a2 ff c4 2f 00 00  00 00 a1 c3 fe be 00 00 
00 40 5e ef 0c ff 00 00  00 00 c5 df 0a 3e 00 00 
00 40 34 fb 42 7b 10 00  00 00 13 fd 70 52 00 00 
00 00 45 fe b0 af 00 00  00 20 02 ef 01 bf 00 00 
00 00 89 ff 82 ff 00 00  00 00 a1 ff a4 eb 00 00 
00 00 00 f6 11 3b 00 00  00 00 47 f9 c1 ef 00 00 
00 00 5a ff 5b fa 10 01  00 00 59 f7 e4 ef 00 00 
00 00 5d fd 43 af 00 00  00 00 56 ff 31 83 00 00 
00 00 00 f5 bc 33 00 00  00 00 48 fd 8e 7f 00 00 
00 00 30 fe a4 ed 00 00  00 00 95 ff 4d fd 00 00 
00 00 04 ff 8b fd 80 00  00 00 68 67 22 ff 00 00 
00 00 20 ef ef 3f 00 00  00 20 81 eb 00 fe 00 00 
00 00 80 fe bb ef 00 00  00 00 49 fb a0 ff 04 00 
00 00 47 fe 34 bd 00 00  00 00 70 7f f0 7d 00 00 
00 08 20 3f 07 fe 00 00  00 00 72 ff 0a 6f 10 00 
00 20 29 fe c4 c0 00 00  00 00 00 de 46 fe 00 00 
00 02 86 ff 7d 36 00 00  00 00 0a ff 97 f9 02 00 
00 00 84 fb 2f fc 04 00  00 00 a6 df 64 ff 40 00 
00 00 bc ff 9e ab 00 00  00 00 4b bf 15 f7 00 00 
00 00 c4 ff 30 2e 80 00  00 00 82 fb 18 ef 00 00 
00 00 ab 7b 28 fb 00 00  00 00 e9 ff 04 bf 00 00 
00 00 06 df 23 7f 00 00  00 01 5c fc c1 78 00 00 
00 00 ca ff 6b ff 01 00  00 60 48 ff 86 ce 00 00 
00 00 62 7f b4 f7 00 00  00 00 32 f3 5c eb 00 00 
00 00 28 eb 75 d6 10 00  00 00 0c 5f 30 f5 00 00 
00 00 03 ff 0e fc 00 00  00 04 41 79 1f ff 00 00 
00 00 0a ff f6 da 00 00  00 00 05 7f b5 bf 00 00 
00 00 29 bb 20 cb 10 00  00 00 4c fe 1e ef 00 00 
00 00 4b fd fa fa 02 00  00 00 10 bb 7b ff 00 00 
00 00 63 b5 88 cb 00 00  00 00 42 ff 3b fd 00 00 
00 00 02 78 ce ff 00 00  00 00 8a ef 18 3f 00 00 
00 00 42 fd 4d f3 00 00  00 00 45 ff 63 5f 00 00 
00 00 05 ff 24 ff 60 00  00 00 09 ff 09 f3 00 00 
00 00 1b be ef ad 14 00  00 00 4a f7 09 ef 00 00 
00 00 b8 f7 2d 6f 00 00  00 00 04 fb ee fd 00 00 
00 02 80 ee 22 ff 40 00  00 00 9a ff 8b f7 00 40 
00 00 11 ff 54 e3 00 00  00 00 28 e7 32 de 00 00 
00 00 05 74 7a d5 00 00  00 10 95 7f 21 df 00 00 
00 00 80 fd ac f7 04 00  00 40 3c f3 95 7f 00 00 
00 00 b2 ff b1 ff 00 00  00 00 21 bf e9 df 00 00 
00 00 04 ff 0b f6 40 00  00 00 49 ff ab ee 00 00 
00 00 a0 fb 00 ef 00 00  00 00 24 ff 51 db 00 00 
00 00 70 ff 2f e9 80 00  00 00 10 ff 62 fe 00 00 
00 08 40 ff d8 fc 00 00  00 00 11 ff 93 db 00 00 
00 00 11 fb 25 bc 00 00  00 00 02 f7 35 b9 90 00 
00 00 f0 6b e7 fe 00 00  00 00 20 7f 6e f7 00 00 
00 00 60 7d 2f ff 00 00  00 00 3d ff b3 77 80 00 
00 00 20 fe 5f a7 00 00  00 00 00 ff 4d bf 02 00 
00 00 20 7f c2 bf 00 00  00 00 80 dd 41 63 00 00 
00 00 37 ff 02 7b 00 00  00 00 20 ff 6e ef 00 00 
00 00 3e ff 2d f4 00 00  00 00 03 7f 29 ff 00 00 
00 00 2c be 25 7e 00 00  00 00 96 f3 9e f3 00 00 
00 02 22 ff a8 ff 00 00  00 00 ec f7 64 9a 10 00 
00 00 01 fb 4e 6f 00 00  00 00 c8 fd c9 ef 00 00 
00 00 60 df 54 f7 00 00  00 80 03 ff be 73 00 00 
00 10 7c ef 86 ff 00 00  00 00 97 d6 59 f1 00 00 
00 00 8c ed ba fd 08 00  00 00 86 ff 6b e7 00 00 
00 00 08 6f 28 ff 10 00  00 00 ad ef 88 ff 00 00 
00 10 25 ff 45 6f 08 00  00 00 d0 7f c8 c7 00 00 
00 00 51 fe b8 f7 00 00  00 00 08 de 14 fe 00 00 
00 00 a8 3f 79 fd 00 00  00 00 35 fd 05 f3 00 00 
00 00 32 bf 77 ff 00 00  00 00 04 ff 18 be 00 00 
00 00 24 ed b1 7b 00 00  00 00 aa fc 22 5f 00 00 
00 00 46 5f 3a f3 00 00  00 00 0a ef 50 fe 00 00 
00 00 66 ff 12 df 00 00  00 00 2a 75 2f df 00 00 
00 00 07 fb ca 7e 00 00  00 00 22 ff 79 fe 00 00 
00 00 08 ee 6a fb 00 00  00 00 4b f5 9d fd 00 00 
00 00 42 ff d5 9e 00 00  00 00 66 df 25 fb 00 00 
00 00 80 f7 82 ff 00 00  00 01 29 ef c1 fd 00 00 
00 00 48 ff cb ff 00 00  00 00 53 e2 92 ff 00 00 
00 00 25 ff 24 fe 00 00  00 04 49 bb 34 bc 00 00 
00 00 c0 fd 4c 7f 40 00  00 00 20 ff 6e ff 00 00 
00 00 63 bf 44 cf 00 00  00 00 5e 5f 9d ff 20 00 
00 00 60 f6 31 9c 00 00  00 00 88 ff 05 ef 02 00 
00 00 90 de 0c df 00 00  00 00 b4 fe 1a ef 00 00 
00 00 42 fe 08 ff 00 00  00 00 1d fb cd 7b 00 00 
00 00 a1 fe c6 ad 01 00  00 00 34 ff 97 97 00 00 
00 00 15 fd c6 ff 0a 00  00 00 c8 ff ac ee 00 00 
00 00 0a 7d 36 fd 00 00  00 00 c0 fa 5f f2 00 00 
00 00 15 ad b4 ff 00 00  00 00 e0 77 a3 ff 00 00 
00 00 c0 ff 63 e9 00 00  00 00 12 fe 80 ff 00 00 
00 00 00 ff 0a b5 00 00  00 80 c1 f5 86 ff 00 00 
00 08 06 7f ba e3 02 00  00 00 0a f5 5c e5 80 00 
00 00 59 ff 0d ef 00 00  00 00 21 bf f4 fd 00 00 
00 00 06 7f ae 1d 00 00  00 00 50 de 92 7f 20 00 
00 00 38 bf 45 ff 00 00  00 00 12 94 bf 37 00 00 
00 00 5c ff 2c ef 00 00  00 00 28 fe dc cf 00 00 
00 00 26 f7 5a e6 00 00  00 00 39 ed 0e bf 00 00 
00 00 c0 db 93 7e 00 00  00 00 16 f5 31 fe 84 00 
00 00 08 df 38 f3 00 00  00 50 04 7f 77 fb 80 00 
00 00 06 f9 72 9d 00 00  00 00 6a ff 9c bf 21 00 
00 00 0a ea 24 7a 00 00  00 08 c9 de 10 f3 40 00 
00 00 80 d5 39 c5 00 00  00 00 b9 bf 40 ff 80 00 
00 00 92 df af fe 01 00  00 00 58 ff 3b df 80 00 
00 08 00 7e 2a fc 00 00  00 00 00 fe a3 ff 00 00 
00 00 54 f9 55 36 48 00  00 00 04 7f f3 77 00 00 
00 00 fe bf c8 79 00 00  00 80 94 df 80 af 00 00 
00 00 80 a7 95 b7 04 00  00 00 04 fb 92 ff 00 00 
00 01 03 dd 14 bf 00 00  00 00 c1 bf 8d fe 10 00 
00 00 00 ff 9a df 00 00  00 00 cd fb 0e 27 10 00 
00 00 88 ef 0c ff 00 00  00 00 35 f7 7a 7f 00 00 
00 00 e6 b7 96 7a 00 00  00 00 03 ef 66 7e 00 00 
00 00 62 7d 6e ed 00 00  00 00 86 7f 8a e6 00 00 
00 00 04 fb 84 af 00 00  00 00 63 ff 02 ff 00 00 
00 00 10 f7 ab fd 00 00  00 10 12 df ab e3 00 00 
00 40 1a ff 7a f9 00 00  00 00 45 d7 0d ff 00 00 
00 40 48 fe c3 eb 00 00  00 00 58 fe 4d f5 00 00 
00 00 b3 f6 26 ff 08 00  00 00 24 f5 49 7c 00 00 
00 00 08 ff 01 d6 00 00  00 00 6a bf 02 7b 00 00 
00 00 0a 7f d6 fd 00 00  00 00 25 fb 80 3d 20 00 
00 02 3c ed 36 ff 00 00  00 00 54 7f 5d cf 00 00 
00 00 90 f7 01 f9 00 00  00 02 84 ef 1d bf 00 00 
00 00 40 bf a1 eb 00 00  00 00 a6 ff 41 fb 00 00 
00 00 86 f9 37 fe 08 00  00 00 b0 ff 17 bf 00 00 
00 00 79 ff 46 cf 80 00  00 42 50 fb 2d b9 04 00 
00 00 02 fa d6 dc 00 00  00 00 00 7c 0a df 00 00 
00 00 62 ff 2f df 40 00  00 00 46 ff 21 99 00 00 
00 00 a6 9b 1e 96 00 00  00 00 00 fc 49 d2 00 00 
00 00 0d f8 94 db 00 00  00 00 34 7d 44 7d 00 00 
00 00 55 ff 28 ff 00 00  00 04 01 bf 93 be 00 00 
00 00 04 b7 e5 ff 00 00  00 00 80 ff fb f5 01 00 
00 00 01 ff 2b bf 05 00  00 00 88 ff a1 ff 00 00 
00 84 14 ff 55 df 00 00  00 00 83 50 a5 7f 00 00 
00 20 c1 7f 46 fa 00 00  00 00 15 ff 5e be 00 00 
00 00 31 da 9d e7 00 00  00 00 8e f7 40 df 00 00 
00 00 01 ff 26 2f 00 00  00 00 40 fa 9c fb 00 00 
00 50 07 ff 0c fb 00 00  00 40 9c f7 a8 df 00 00 
00 00 24 7f 8f ff 00 00  00 00 50 f9 b2 b1 00 00 
00 00 8c 77 cd d7 00 00  00 00 20 f5 a7 c5 00 00 
00 00 6e fb 91 ff 40 00  00 00 50 fb 89 fb 00 00 
00 00 01 7b 01 dd 00 00  00 08 2b ff f2 bf 00 00 
00 00 f1 ff f0 fc 00 00  00 00 a9 fd b1 5c 00 00 
00 04 12 ff 3a 7f 00 00  00 00 04 ef 30 77 00 00 
00 04 80 ff 59 f7 00 00  00 00 0d ff 98 db 40 00 
00 00 49 7f f1 e7 04 00  00 00 91 df 51 1d 00 00 
00 04 4a ff 96 b4 20 00  00 40 50 ff d0 5d 00 00 
00 00 68 fb df 7e 08 00  00 00 0a df 77 6c 00 00 
00 00 0c f3 49 ff 00 00  00 00 8c ef 49 df 00 00 
00 00 b4 bd a5 ef 01 00  00 00 54 ae 6c 5f 00 00 
00 00 18 ff 10 df 00 00  00 00 12 ff ce 9f 00 00 
00 00 2e ff a4 77 10 00  00 00 25 ff 38 7f 10 00 
00 00 46 fe 29 77 00 00  00 00 2b fc 31 f0 01 00 
00 00 c7 df 1c bc 00 00  00 00 14 ef e1 fb 00 00 
00 00 c9 ff fc b7 10 00  00 00 19 f7 be fd 01 00 
00 00 38 ff 42 bf 00 00  00 80 96 ed 92 7b 00 00 
00 00 95 bf 1c df 08 00  00 00 a4 ff 19 8f 00 00 
00 00 00 de 01 df 45 00  00 00 00 ff e8 3f 00 00 
00 00 31 ff 10 df 01 00  00 00 3f ff 6e 5c 00 00 
00 04 c3 f5 02 f6 00 00  00 08 10 fd 73 ff 08 00 
00 00 b4 ef d8 ef 00 00  00 00 98 ef 0b aa 00 00 
00 00 c2 f9 04 ff 00 00  00 00 a5 af 14 ff 00 00 
00 00 0e fd a9 7f 00 00  00 20 80 ef 8c 3f 02 00 
00 00 d1 a7 65 6a 04 00  00 00 59 ff 58 df 08 00 
00 00 10 9e 6b b7 00 00  00 00 8c bb c8 fa 00 00 
00 10 12 57 5c bf 00 00  00 00 00 ff 64 b5 00 00 
00 00 20 df 15 ef 40 00  00 00 1c ff 06 db 10 00 
00 00 e7 bf 1a ff 00 00  00 00 31 7f 6b db 00 00 
00 00 81 ff e4 ff 00 00  00 00 df ff 8b ff 00 00 
00 00 0b be a9 9f 00 00  00 00 13 be 31 df 50 00 
00 00 01 7d e7 ff 00 00  00 00 44 b4 29 ff 10 00 
00 40 e0 ff 80 ff 00 00  00 04 30 fd 47 fb 00 00 
00 00 48 ff b3 bf 10 00  00 00 30 fa 55 ff 00 00 
00 80 0c ef 12 bf 10 00  00 00 70 b9 3a 7f 80 00 
00 00 26 f7 85 75 00 00  00 00 19 ff be fa 00 00 
00 40 14 ff 02 cf 00 20  00 00 07 f7 c3 ff 00 00 
00 00 50 af 5b ff 00 00  00 04 c0 ff 98 f3 00 00 
00 00 c3 f6 97 ff 00 00  00 00 80 f7 22 ff 00 00 
00 00 a1 ff 24 be 00 00  00 00 34 7b 59 cb 00 00 
00 20 42 fb ce af 00 00  00 00 e4 ff 01 b7 00 00 
00 44 08 9f 32 8f 00 00  00 00 72 ee 20 f7 00 00 
00 00 98 ff b0 7f 00 00  00 04 58 ff 4f fd 08 00 
00 00 c9 f7 a9 fc 04 00  00 00 c8 bf 48 75 00 00 
00 00 58 7f 48 df 00 00  00 00 61 ff e3 bd 00 00 
00 00 c5 ff 7c f3 00 00  00 0c 15 ce c4 bf 00 00 
00 00 53 3d 04 be 00 00  00 00 00 ff 09 37 80 00 
00 00 8e ff 7e fb 00 00  00 00 81 fc d9 6e 00 00 
00 00 02 ef b9 ff 00 00  00 00 b3 bb 69 7f 00 00 
00 00 24 ff a7 eb 00 00  00 00 81 7b 48 f7 00 00 
00 00 18 bf 19 f7 11 00  00 00 82 ff f1 7f 00 00 
00 00 0e ef 32 f3 00 00  00 00 10 f7 42 eb 40 00 
00 00 8e ff 0c df 00 00  00 00 38 ff 84 fb 40 00 
00 20 40 fd 08 ef 00 00  00 00 e8 ff 17 7b 00 00 
00 00 94 ff 49 df 00 00  00 00 44 bb c1 af 20 00 
00 00 be f3 86 df 01 00  00 00 03 6f 24 df 00 00 
00 00 00 fc c4 ee 00 00  00 00 8d df c2 ff 80 00 
00 00 d0 f6 f6 df 00 00  00 08 43 fb e1 fb 00 00 
00 00 80 ff 2e ff 00 00  00 00 10 fe 1b ed 00 00 
00 00 e2 f7 a0 ff 00 00  00 00 72 f5 17 ff 00 00 
00 00 2b ff 4b f3 00 00  00 00 cc bf 38 6d 00 00 
00 00 81 ff 18 7f 10 00  00 00 a9 fd 6e 3e 21 00 
00 00 10 ff 15 7e 00 00  00 00 02 fe 36 ed 00 00 
00 00 00 ef cb 37 01 00  00 00 4b d7 81 7e 08 00 
00 00 a7 ff 41 eb 00 00  00 08 45 bf c8 ff 00 00 
00 08 03 bf a1 cb 00 00  00 00 a4 fe 6e 5f 00 00 
00 00 80 de fe fe 00 00  00 04 05 ff c2 bb 00 00 
00 00 5d ff 22 e4 80 00  00 00 31 f4 75 ff 40 00 
00 00 0c fb 30 db 0a 00  00 00 27 bd 6b 1f 00 00 
00 00 ed fe 73 5f 10 00  00 00 82 ff aa ff 00 00 
00 00 10 ff 13 f7 00 00  00 00 25 ff 8e ef 02 00 
00 00 04 dc d2 d7 00 00  00 00 82 37 44 bd 08 00 
00 20 92 ef e7 7d 00 00  00 00 48 ff 06 fb 00 00 
00 00 04 e7 bc 3f 40 00  00 00 42 bf 22 df 00 00 
00 00 c3 bf 3c ff 08 00  00 20 04 ff 9a 7c 00 00 
00 40 86 fb dd ff 00 00  00 00 e4 bf 35 1e 10 00 
00 00 d1 7f 09 ff 00 00  00 00 65 ff a2 f4 00 00 
00 00 e0 bf 93 fe 00 00  00 00 07 ff 1e 73 00 00 
00 00 01 ff cf ff 00 00  00 00 b1 ff 05 ff 00 00 
00 00 0c 6f a2 ff 00 00  00 00 b0 ed 20 7f 00 00 
00 00 28 ff 3e fd 00 00  00 08 28 f3 0b 7e 00 00 
00 00 42 f9 01 ff 08 00  00 00 80 ff 0d 7f 80 00 
00 00 04 df 50 de 00 00  00 00 81 df 41 37 08 00 
00 00 00 fc f8 bf 40 00  00 00 34 fd 03 5e 00 00 
00 00 ce fd 41 ef 24 00  00 00 08 fe 78 af 00 00 
00 00 48 f7 70 5a 00 00  00 00 71 bf 03 77 00 00 
00 00 39 d9 89 6b 00 00  00 00 00 ff 99 7d 00 00 
00 00 a8 da 92 ef 02 00  00 00 22 ff ac f3 00 00 
00 40 85 77 10 ff 08 00  00 00 5e fb a5 3d 10 00 
00 00 00 f7 98 fd 40 01  00 00 ea ff 21 e7 10 00 
00 00 63 35 b7 fb 00 00  00 00 81 6e 1b 5f 00 00 
00 00 06 ce a8 79 00 00  00 00 06 de 82 fc 00 00 
00 00 00 fb 94 ff 00 00  00 00 c0 f7 26 ad 08 00 
00 a7 01 a7 00 7f 01 48  00 33 00 fb 4c d1 00 00 
00 5f 60 ef 41 44 84 08  00 df 00 6c 02 fd 00 00 
00 4d 00 e7 08 f5 ac 10  10 7e 00 f4 c0 8a 00 00 
00 51 10 bc 20 69 80 20  00 b8 00 7b 42 13 10 11 
00 1f 04 cd 00 87 00 06  00 32 00 ef 00 f3 00 a0 
00 0f 02 cf 41 0b 42 44  00 f1 18 7b 00 9f 80 84 
00 73 00 5e 00 a2 00 20  00 be 00 74 20 fe 40 00 
00 5f 00 f9 04 aa 00 00  02 fd c0 fe 00 b6 10 08 
00 47 00 b2 00 4a 08 00  00 f8 02 d7 00 ff 00 01 
00 e7 00 7d 00 ff 0c 12  00 2d 02 fa 01 fe 41 00 
00 ac 00 ff 20 49 20 40  00 ee 00 f5 14 19 00 00 
00 9c 42 6a 02 e5 01 04  01 9b 1b 62 04 5d 00 00 
00 fc 00 52 00 9a 10 31  00 cf 00 6f 20 e1 02 04 
00 f1 00 cf 00 aa 01 00  00 65 01 6e 00 82 80 08 
00 64 40 11 00 a7 10 04  00 a1 00 3a 06 36 10 00 
00 be 40 e3 02 e8 00 00  00 98 00 b1 18 4d 00 81 
00 bf 04 ee 10 c3 28 03  00 94 00 3c 04 08 00 41 
00 7f 10 e1 00 f4 00 a4  00 df 00 69 00 17 00 00 
20 5f 00 f6 08 4f 00 01  40 98 00 5e 10 89 01 30 
00 df 40 4d 00 fb 90 84  00 b7 00 7e 20 34 00 81 
00 d0 00 ae 00 43 10 0d  00 9b 80 0c 01 16 08 00 
00 5f 00 63 40 62 00 00  00 cf 00 d3 00 bd 42 90 
10 83 00 e7 80 63 08 45  04 fd 00 9a 20 a5 04 a0 
00 d6 01 4f 80 65 04 00  00 af 04 bc 09 c6 00 06 
00 5e 00 d3 28 6c 00 0e  00 a8 00 5f 20 e5 00 20 
00 6b 04 5b 04 8a 02 02  00 da 08 ef 00 9a 00 45 
00 78 00 bd 00 e0 11 20  00 4c 01 bb 42 ec 00 00 
00 ef 05 fd 02 6c 04 00  00 9e 00 f5 51 23 01 00 
00 ae 40 b7 00 65 20 14  00 f7 00 e6 01 f3 10 00 
00 2e 00 72 00 27 40 04  00 df 09 7e 14 ff 00 28 
00 d9 01 dc 00 7b 22 64  00 32 04 8c 02 f8 0c 85 
00 d3 90 cf 90 df 08 00  00 75 00 cd 84 d4 00 01 
20 3b 20 77 14 e3 00 20  00 b1 00 e6 c0 fd 00 40 
00 a7 00 c7 20 a7 00 02  20 1f 08 f6 08 6c 00 00 
00 93 00 cf 00 3d 86 22  00 ab 00 d5 00 a2 29 22 
10 cd 00 76 80 30 a0 08  08 ea 09 6b 08 f7 20 24 
00 bb 00 c5 88 28 20 46  00 8c 40 fc 00 2d 00 09 
00 c9 00 e7 00 61 40 14  00 47 00 4b 40 e0 00 00 
00 fb 00 76 00 a7 14 04  00 6e 00 ef 02 b6 00 80 
00 b9 00 f6 90 b7 44 02  00 df 00 23 20 da 20 02 
00 bb 80 f4 80 43 00 01  00 ce 00 13 00 c6 30 00 
00 3f 00 d5 00 ef 11 60  00 cd 00 6c 00 d3 00 01 
00 cf 00 94 00 50 00 00  00 bc 00 45 00 42 00 82 
00 bb 00 c7 20 62 00 00  00 7b 80 e4 02 cf 43 1c 
00 f6 00 e9 04 14 42 31  00 bf 00 3a 80 73 34 04 
00 ce 00 ad 80 39 34 c0  00 f6 01 d4 00 43 98 26 
00 77 84 5a 04 20 50 48  00 fc 00 ee 00 b3 a2 0c 
00 98 41 df 10 79 50 01  00 f7 00 3d 00 cf 20 10 
00 6f 00 b4 10 7b 10 20  00 db 09 7f 09 30 08 10 
00 ee 01 f5 00 01 92 82  00 c1 00 4c 22 07 02 00 
00 fe 00 06 02 08 60 20  00 65 01 3d 01 24 08 02 
00 f6 00 e7 02 2d 00 12  00 f1 00 de 80 ac 00 84 
00 65 00 70 28 c7 20 16  10 ee 12 fc 00 e2 40 01 
00 2f 00 73 02 67 43 21  00 8d 81 cd 00 69 00 08 
00 ad 00 aa 00 7e 00 4c  00 f1 00 e0 00 b5 4c 61 
00 69 00 7c 00 7a 00 40  00 6d 00 bf 44 b7 18 28 
10 7c 00 58 4c 93 08 00  00 0d 02 75 09 c7 80 00 
00 25 00 5f 10 34 00 24  00 fe 00 f5 00 e2 04 00 
00 b7 00 7e 00 60 00 0a  00 fd 40 3b 20 4e 04 00 
00 cf 40 6e 10 17 02 05  00 7f 20 a1 80 d4 20 20 
00 ba 00 79 00 81 22 00  00 bb 00 f7 50 99 c0 24 
00 f1 00 47 00 37 20 00  00 ea 00 9d 40 e3 40 40 
08 5d 20 ef 48 91 12 00  00 b4 00 ae 40 14 04 02 
00 13 00 9e 00 d1 00 08  00 dd 00 ab 00 cf 04 64 
00 4e 00 f7 00 d8 02 04  00 af 00 ff 00 a1 00 00 
00 db 00 da 02 64 00 20  00 f3 80 fc 10 e0 80 09 
10 d6 40 fb 10 45 04 54  00 b2 82 fc 02 05 00 01 
00 95 00 ee 08 ba 00 00  00 e6 00 cc 20 1a 2a 00 
00 b1 01 9d 01 73 00 0b  00 e9 40 6c 09 57 04 10 
00 5f 00 cd 00 9e 18 20  00 6e 02 31 40 a8 86 40 
00 d6 40 9f 00 1d 20 00  00 cd 01 ff 90 10 00 44 
00 cf 0a 79 c0 54 08 10  00 f3 00 71 a4 63 20 00 
00 dd 00 ff 20 9d 01 08  00 91 00 c3 18 2c 00 40 
00 5c 00 9b 80 4e 00 14  00 3c 00 5e 04 eb 01 64 
00 0d 01 2a 00 0a 00 00  00 3f 00 ee 05 7e 04 82 
00 07 00 cd 40 f6 08 a0  00 ef 00 f9 82 d6 10 90 
00 f8 00 ff 00 89 10 09  00 ae 14 f1 00 85 04 00 
10 3e 00 ab 01 ca 04 80  00 f7 30 e8 00 15 00 32 
00 2f 00 bb 0c e6 04 40  00 df 00 de 20 0a 10 00 
00 2f 20 df 16 4e 00 00  00 48 00 9d 30 ee 00 80 
20 bc 00 21 05 4f 01 40  00 bd 00 da 10 49 20 38 
00 4e 00 1f 00 5f 08 20  00 db 00 3e 00 28 00 10 
00 73 08 72 40 65 02 00  00 6e 00 7f 01 94 00 14 
00 db 00 f4 00 75 00 14  10 eb 00 b8 01 37 00 00 
00 af 00 77 11 f1 12 21  00 09 80 bc 02 7c 94 01 
00 7d 00 3f 00 db 04 02  20 ed 80 d2 00 22 10 00 
00 1f 4a dc 02 71 0c 20  00 3f 04 7c 00 e4 04 01 
00 bd 00 ff 00 a9 30 10  00 cd 01 6b 00 3f 20 00 
00 b6 00 e9 00 7c a0 30  00 5f 00 1f 04 b1 00 40 
00 8b 01 0e 00 97 10 20  04 5d 80 cf 00 03 24 28 
00 6f 00 89 01 8b 00 22  00 d5 40 fe 04 b5 20 06 
00 6b 00 d6 00 8c 11 40  00 9f 00 ea 20 9a 02 c0 
00 0c 00 ce 00 d8 a2 00  00 6f 00 77 40 60 00 08 
00 af 00 ea 04 de 08 84  00 a8 02 9d 0c 78 88 09 
00 e0 22 3b 81 69 08 00  00 f6 00 6e 00 18 20 00 
00 a7 02 53 00 06 00 41  00 36 08 42 01 83 04 00 
00 e8 00 ab 08 a6 08 00  00 ef 08 d7 02 66 10 00 
00 ff 00 d3 02 2e 41 80  01 76 00 49 00 26 03 80 
00 fe 08 b8 00 a0 00 08  00 2d 08 8f 01 2a 40 01 
00 15 10 52 00 c2 00 81  40 3f 00 fa 00 eb 00 88 
00 a9 00 5f 00 4d 01 30  00 c6 40 fa 11 17 00 00 
00 6d 00 7d 08 ca 00 28  00 ed 00 f2 20 5c 00 00 
00 f9 00 f4 00 f0 08 0c  00 46 00 df a0 2d 00 ac 
00 77 20 73 08 1a 00 08  00 a7 10 da 00 a5 01 08 
00 f2 13 ff 20 73 92 11  00 ce a0 be 20 a6 08 04 
00 3f 00 ea 08 65 08 00  10 7c 00 e9 02 cd 00 00 
80 6e 00 df 00 9f 00 08  00 2c 00 ee 00 67 01 48 
00 73 80 e8 01 31 00 09  00 bb 10 9e 00 aa 20 00 
00 af 03 31 82 b2 00 08  00 33 00 d3 00 2b 00 40 
00 ea 00 88 00 02 01 00  00 bf 00 35 00 23 00 00 
00 5f 00 e4 00 7e 10 20  00 d3 18 7a 02 40 40 00 
00 71 00 e7 02 65 04 00  00 6d 20 d5 20 76 02 00 
00 b7 80 67 00 b6 88 42  00 ff 40 df 12 2f 06 00 
00 1e 00 51 00 fb 00 02  00 3c 00 bd 00 37 05 40 
00 fd 00 35 00 6f 80 88  00 e7 80 cf 04 29 0c 00 
00 bf 00 97 01 2b 60 42  00 1b 00 d7 00 b9 00 18 
00 ec 40 a3 01 74 10 00  00 7c 00 7b 00 82 08 00 
00 f7 80 9f 08 37 04 80  00 ff 00 c5 40 85 00 20 
00 a0 00 9d 18 5f 00 04  08 56 00 61 00 a0 01 00 
00 f9 04 b9 08 ec 00 42  00 2b 00 fb 00 e7 00 1a 
00 6d 04 3f 00 3f 00 40  00 fa 00 13 00 f3 04 00 
00 be 00 63 04 be 00 20  00 df 00 ac 00 e1 20 08 
00 67 00 5d 00 69 00 00  00 53 01 38 40 cc 00 40 
08 f8 11 9a 80 50 03 28  00 ff 00 3f 40 94 40 08 
00 7a 80 cf 90 3f 00 0c  00 7b 00 e7 18 20 8b 00 
00 b0 00 66 04 13 10 20  00 bd 00 9e 10 b8 00 03 
00 5e 00 5d 11 8c 90 01  00 ae 08 af 00 72 02 30 
00 63 00 31 02 a6 01 80  00 f7 00 6d 00 bc a0 80 
00 df 00 ef 20 2b 40 24  00 9f 00 d9 00 08 80 40 
00 ef 00 6d 00 f3 45 02  00 ff 02 21 00 59 10 46 
00 ff 01 b0 40 7a 00 80  00 4d 84 f0 09 ad 08 10 
00 5e 04 15 26 ba 82 80  00 77 80 2f 0a 77 00 02 
00 3b 04 ee 10 9d 50 00  00 87 00 9e 0a 3e 00 00 
00 dc 00 5a 62 5f 02 88  00 cf 00 ff 02 50 80 04 
00 95 02 db c4 6b 00 00  00 b2 00 d7 50 e4 60 60 
00 eb 00 cf 22 82 01 08  00 7f 08 da 00 7f 0a 8e 
00 7c 00 7c 00 4e 00 40  00 f9 00 56 03 1d 50 00 
10 df 04 65 42 87 00 90  00 de 00 2a 00 1f 18 22 
00 f4 00 f9 00 ed 90 04  00 91 00 60 06 91 90 00 
00 df 00 be 00 d1 00 c0  00 3e 00 35 01 11 00 00 
00 87 00 7b 00 9e 00 e4  00 ba 00 cd 00 10 00 04 
00 54 00 6b 00 6e 04 00  00 d6 51 73 00 9e 00 22 
00 4e 00 ec 40 db 00 00  00 e4 00 a9 80 3c 00 00 
00 9b 00 5f 40 2f 00 04  00 bd 00 af 88 ec 41 10 
00 9b 00 b5 01 d4 00 20  00 c9 10 5c 10 f6 00 00 
00 f3 00 ae 10 74 81 01  00 45 00 32 00 c1 00 00 
00 f7 00 ff 20 ec 00 08  00 77 00 6f 10 d7 02 37 
00 ee 00 e5 00 1f 12 e8  40 59 00 95 00 4f 20 04 
00 7d 00 ff 14 7d 20 00  00 bb 04 92 0c 1c 00 40 
00 d6 00 b6 02 f6 01 00  00 ee 02 fe 00 cc 40 00 
00 62 00 a3 00 f1 00 04  00 46 00 2c 10 c6 10 18 
00 da 00 cd 80 af 00 11  00 1e 00 a9 41 6a 00 00 
00 d5 01 44 04 be 00 08  00 8e 84 c2 09 ba 00 00 
00 f3 04 79 20 87 00 80  00 8f 00 d4 22 13 04 04 
00 9b 00 f2 00 82 00 00  80 ea 00 1d 00 dd 20 00 
00 69 00 f3 02 6f 41 20  00 23 00 f3 01 8a 00 20 
00 ad 01 05 00 73 06 01  00 6b 00 f7 00 c2 00 48 
00 35 10 de 02 c2 02 0c  00 97 00 7b 80 b1 00 05 
04 e2 00 36 00 db 00 80  00 e4 00 b7 00 81 06 0c 
00 85 00 8c 00 a9 00 48  08 ef 80 f5 01 8e 04 10 
00 72 00 7b 05 dc 00 08  00 a6 20 ff 00 3b 22 0a 
00 36 00 bf 40 e2 00 38  00 9c 01 f7 00 39 01 00 
00 de 00 d4 00 da 04 00  00 3e 80 ed 00 e3 00 02 
00 f6 00 a3 82 4a 00 06  00 e9 00 8f 04 dc 00 10 
00 ff 02 fd 01 f6 00 00  00 b6 00 cf 00 60 44 10 
00 fc 10 ff 00 3b 80 08  00 5a 00 72 40 35 00 20 
00 c4 00 f7 00 88 04 03  00 da 00 f4 01 eb 00 0a 
00 a7 00 2f 20 88 04 00  00 77 08 8d 90 06 10 40 
04 87 80 f1 02 5f 24 80  00 f5 40 2e 01 60 88 40 
00 33 00 53 20 b2 00 00  00 fc 00 b2 00 b8 04 40 
00 38 01 6f 08 43 00 01  00 03 80 c1 09 6d 00 40 
00 72 00 6e 00 9a 00 81  00 df 00 b0 00 a3 20 06 
00 b8 00 fd 00 0f 04 00  00 77 00 ff 00 2a 00 80 
00 eb 00 a7 80 d8 30 10  00 eb 00 9d 01 7f 18 00 
00 42 80 4f 00 75 00 10  00 6d 02 e7 02 e7 00 00 
00 a6 00 cf 04 5e 44 20  00 cc 00 eb 06 28 00 28 
00 a7 00 5f 04 d5 00 04  00 b1 80 97 00 8f 00 00 
00 c3 20 7e 01 3b 02 10  00 9f 10 fc 00 7f 21 08 
00 df 80 76 00 de 00 90  00 57 00 f5 04 f9 00 64 
00 f1 00 89 00 9f 08 40  00 fd 00 3f 09 be 00 02 
00 ed 10 bd 00 c4 60 90  00 d9 00 1f 08 db 10 41 
00 7f 10 a4 00 d6 40 a4  00 f3 21 f5 06 d3 00 01 
00 58 00 2e 08 11 20 8c  00 3c 00 8b 04 31 04 31 
00 af 00 66 10 d8 01 44  00 7a 00 df 09 1b 01 10 
00 ab 00 90 40 39 00 02  00 6f 04 58 00 28 00 11 
00 4f 00 9a 43 07 00 08  00 db 80 ef 04 73 c0 02 
00 7d 00 97 08 00 00 81  00 ec 00 16 00 b7 00 00 
00 e7 00 9b 00 2f 40 08  80 85 00 ff b1 44 00 40 
00 22 21 d8 08 74 00 80  00 cb 00 49 60 cd 00 00 
00 53 00 fe 80 44 41 04  00 a8 00 7f 00 5c 48 40 
00 7f 82 6f 44 35 00 44  00 f9 00 ff 00 17 00 00 
00 71 00 79 00 1c 01 10  02 13 00 fe 88 d2 40 90 
00 db 82 ec 82 b3 60 01  00 e3 80 b8 02 dd 08 01 
00 d4 00 fb 00 cf 60 17  00 82 00 9c 10 57 00 80 
00 f7 00 dd 85 f3 08 00  00 ce 40 2a 80 ce 10 48 
00 b3 00 e5 49 6f 24 01  00 cb 00 ff 00 8d 04 44 
00 75 00 ec 48 da 02 10  02 a7 00 ff 04 ff 00 00 
00 ef 00 ef 00 ba 0a 11  00 ea 08 68 00 e0 01 0a 
00 64 00 5e 10 ef 00 80  00 59 00 77 00 70 01 c8 
00 fb 00 ec 04 87 01 01  00 5a 80 71 42 7c 84 80 
00 75 21 0c 01 2b 00 00  08 45 00 ca 00 72 00 02 
00 2b 00 39 00 1d 00 0a  04 f6 00 be 00 f2 06 08 
00 fe 40 d5 01 11 a0 00  00 fe 00 a9 00 4e 60 00 
00 5b 40 f7 86 0a 00 00  00 87 00 d0 00 bb 82 00 
00 9d 00 ae 00 0e 00 00  00 3f 00 cc 00 19 00 00 
00 89 00 29 83 05 84 00  00 5f 00 8f 00 c5 40 14 
00 07 00 8a 08 f1 00 00  00 d0 00 1a 02 f6 00 00 
00 dc 00 d7 40 61 21 56  00 f2 00 86 80 99 80 00 
00 fe 00 b7 04 2b 24 42  00 ab 00 af 04 b5 80 47 
00 fd 00 ff 01 9c 04 08  00 d7 00 9d 00 46 c0 09 
00 5e 80 99 00 c5 00 01  00 7f 00 97 0c 00 00 18 
00 7b 10 ff 04 df 34 00  00 ea 00 c3 20 45 00 a0 
02 5f 00 ee 01 60 40 66  00 d7 00 d7 00 f5 80 23 
00 8c 00 dc 24 b9 00 00  00 25 00 6e 44 4f 01 a0 
00 ad 00 ff 00 3d 00 02  00 80 00 a0 00 f8 00 48 
00 dc 00 fb 01 7e 00 22  00 a2 00 fe 05 5a 20 0c 
00 f4 04 d1 00 e1 00 00  00 07 10 f6 00 3d 02 00 
80 1e 04 6d 00 d8 70 24  00 38 00 fb 03 51 08 00 
02 7f 08 54 00 5c 10 02  00 62 00 03 01 01 00 04 
00 db 08 3b 80 96 20 00  00 4a 00 ad 08 ae 00 00 
00 d5 10 bf 00 c2 40 10  00 47 01 f3 00 2d 08 08 
00 f1 04 59 e4 73 00 10  00 8b 00 72 10 9d 00 08 
00 97 00 ef 00 3c 04 00  00 b3 00 ed 00 92 00 22 
00 bd 00 5f 00 0d 00 20  00 d7 00 2f 01 9b 00 24 
00 ee 00 9e 01 42 20 81  00 00 00 2a 80 3e 00 00 
00 7f 00 7f 03 70 00 01  00 97 40 54 40 99 42 00 
00 c4 20 fd 22 e5 40 08  00 29 00 9d 42 72 00 20 
00 d5 00 ef 00 98 00 0a  00 bf 00 f6 00 4d 00 02 
00 c2 00 c7 00 00 00 02  00 f7 00 c3 40 b0 a1 0c 
00 fe 00 ff 40 72 00 22  00 7f 00 c7 04 30 08 00 
00 44 00 fa 01 2c 80 04  00 bb 0c 03 00 e9 41 00 
00 ff 00 eb 00 bd 21 2a  00 e7 00 fc 00 c2 10 00 
00 78 00 fe 04 98 02 c5  00 ba 0c 0e 00 5a 08 b0 
00 3d 00 ec 00 78 04 00  00 f2 00 f0 10 7d 08 04 
00 bf 00 c3 00 87 00 08  02 cf 00 ae 00 5c 00 48 
00 fe 00 73 00 73 80 00  00 4c 00 8b 02 b3 85 20 
00 2f 00 2a 00 06 40 03  00 ff 00 6b 02 0b 00 00 
00 dd 40 4f 06 7f 00 08  00 37 24 fe 00 51 08 08 
00 0c 10 df 00 6e 00 a8  00 f7 02 bb 00 a3 80 00 
00 9c 01 8c 80 25 40 31  00 eb 00 6d 00 73 00 20 
00 b0 00 3a 80 37 00 12  00 a9 80 e7 00 b7 28 27 
00 c9 00 f1 80 88 00 09  00 3f 00 f1 00 a6 10 00 
00 c6 00 77 04 e3 42 05  00 bb 02 7e 00 dd 00 08 
40 4a 00 79 80 97 00 69  00 36 40 4c 00 e2 a4 00 
00 bb 08 bf 28 84 08 00  00 ff 00 a6 00 76 02 00 
00 7b 40 92 08 8e 20 90  00 dd 80 5d 04 45 00 00 
00 ca 18 cd 00 20 00 26  00 ca 20 fc 04 50 a8 20 
00 5d 80 15 08 f7 40 00  00 ac 00 60 00 90 04 c0 
00 ef 02 55 01 71 92 06  00 60 00 65 08 9c 10 c0 
80 57 06 3f 20 61 02 10  00 ed 00 8d 08 4d 10 62 
00 f9 00 de 00 c3 80 02  00 e0 00 79 04 87 00 00 
00 57 00 ff 05 91 88 00  00 8f 00 f8 02 b1 00 15 
00 41 00 ae 48 7a 00 80  00 66 00 b9 04 98 10 00 
00 1d 00 6a 03 63 00 50  00 9c 01 f6 00 10 00 20 
20 3f 10 67 00 15 00 42  00 1c 00 bc 05 89 00 00 
00 77 00 ff 04 5c 82 82  00 f2 00 63 80 6d 00 23 
00 00 80 ff 03 df 20 00  00 00 1f ff fb 7f 00 00 
00 00 80 ff c3 f7 00 00  00 00 51 bf 5a bf 00 00 
00 00 33 ef 5f 5f 00 00  00 00 31 fe 70 ef 00 00 
00 00 20 ff 4c ff 00 00  00 08 59 7f fb fd 00 00 
00 80 00 ff 40 ff 00 00  00 a0 c6 ff 32 fb 00 00 
00 00 48 ff 02 ff 00 00  00 00 d2 fb 55 af 00 00 
00 00 a8 fe 4a df 00 00  00 00 8e bf a5 b7 10 00 
00 00 48 ff b0 f7 00 00  00 00 81 ff 78 fe 00 00 
00 08 00 fd 31 9b 00 00  00 00 62 ff 2d a7 00 00 
00 00 24 fc 48 ef 20 00  00 00 22 ef 00 bf 00 00 
00 00 aa fe 4d fd 00 00  00 00 40 f7 d0 ff 10 00 
00 00 29 ff 2e f7 00 00  00 00 85 f7 37 df 02 00 
00 00 41 ff 40 77 80 00  00 00 99 af 84 b9 00 00 
00 00 5c ff 41 ff 00 00  00 00 00 fe 63 bf 00 00 
00 00 d2 ff a6 7d 00 00  00 00 c2 ee 48 f9 00 00 
00 00 88 ef 50 77 00 00  00 00 73 ff 54 ff 11 00 
00 00 44 ff 51 ee 00 00  00 44 a4 ff 9a bf 02 00 
00 00 81 bd c6 db 00 00  00 00 22 ef c5 7b 00 00 
00 00 04 ef 52 ff 00 00  00 00 93 fe 65 df 08 00 
00 00 05 7b 24 ef 00 00  00 00 01 bf 30 96 10 00 
00 00 50 fe 80 dc 00 00  00 00 c8 bf 59 6f 01 00 
00 00 42 fd 56 7d 20 00  00 00 0e 5f 08 bf 01 00 
00 00 05 f7 b8 ff 08 00  00 00 80 ff 71 9f 04 00 
00 00 20 de f7 ff 00 00  00 00 01 ff f9 fb 04 00 
00 00 a4 e9 40 ff 00 00  00 00 03 fd 18 f5 00 00 
00 00 08 7b 4e ed 00 00  00 00 20 ff bc fd 00 00 
00 00 38 ff b8 ff 08 00  00 00 30 ed 6e 52 00 00 
00 00 10 ff b5 f9 00 00  00 00 77 ef f0 ef 00 00 
00 00 e6 b5 92 3f 00 00  00 00 80 ef 81 fd 00 00 
00 00 40 cb 4e d7 00 00  00 10 05 fb 74 5f 00 00 
00 00 29 bf 3f ff 00 00  00 00 29 7f cd dc 10 00 
00 00 00 d6 ae ff 10 00  00 00 03 f7 eb 67 00 00 
00 00 1c ee a0 df 00 00  00 00 80 ff 57 be 00 00 
00 00 00 f9 35 37 00 00  00 00 53 7e 20 9f 00 00 
00 00 88 ff b5 d7 08 01  00 00 c8 ff ee f7 00 00 
00 00 2a df f0 ae 00 00  00 00 20 ff 58 f7 40 00 
00 00 05 ff 95 ff 00 00  00 00 09 df 6e fd 00 00 
00 00 88 3f d2 bf 00 00  00 00 a9 ff fc 37 00 00 
00 00 58 ff 5a ee 00 00  00 00 a9 7b ae fa 00 00 
00 00 20 db 48 7f 00 00  00 00 00 ff 59 ef 00 00 
00 00 34 d3 1b ff 12 00  00 00 b5 bf 00 e9 00 00 
00 00 45 ff 46 ff 20 00  00 00 c5 f3 a0 ff 10 00 
00 00 20 dc 84 e7 00 00  00 00 10 7d c7 9f 04 00 
00 00 30 ff a6 ff 01 00  00 10 19 ff de bd 00 00 
00 40 82 7f bf df 00 00  00 00 09 9f 1b de 00 00 
00 00 a8 72 7c 27 00 00  00 02 16 cf be 77 00 00 
00 00 a3 7b 6b ff 00 00  00 80 c0 7f 2e fe 00 00 
00 00 23 ff d8 f3 00 00  00 00 12 7d 96 fb 00 00 
00 00 41 6f 49 fd 05 00  00 00 06 fb 1c bb 01 00 
00 00 80 ff 31 ff 40 00  00 10 c7 dd 3e f7 06 00 
00 00 8d bd 06 3f 00 00  00 00 88 ff 05 f9 00 00 
00 40 76 ff cc fe 08 00  00 00 92 ef 3e cd 08 00 
00 00 2c ef 27 df 08 00  00 00 81 ff 3b f5 00 00 
00 00 04 ff 03 df 00 08  00 80 c4 47 ab ff 10 00 
00 40 8c ff b1 9f 00 00  00 00 5d ff 52 ff 00 00 
00 00 0c ff 44 fb 00 00  00 00 0b fb 3a 5e 00 00 
00 00 74 f5 40 ff 00 00  00 02 11 ef 32 ff 00 00 
00 0a cb f7 bc db 90 00  00 00 58 4d 5e fb 00 00 
00 00 2a ff c4 77 00 00  00 00 85 af a0 f3 04 00 
00 00 06 ff be fe 08 00  00 00 4a ed 90 f5 04 00 
00 00 02 bf d4 cf 00 00  00 00 03 ff 8c 7f 00 00 
00 08 00 fb 84 f7 00 00  00 00 d6 ff d6 fd 00 00 
00 02 05 f9 d6 ff 00 00  00 00 99 ff 3f fe 80 00 
00 00 a8 fb 3c fe 00 00  00 00 82 ff cb c7 00 00 
00 00 47 ff 36 7d 00 00  00 01 cc ff 9f 3b 00 00 
00 00 32 fd 2a f7 00 00  00 00 14 ef 76 d7 00 00 
00 00 a5 fe 82 77 10 00  00 00 23 ff b0 f5 30 00 
00 00 09 bf 05 6d 00 00  00 00 28 f5 47 7e 00 00 
00 00 22 ff 42 7e 00 00  00 80 88 7f 20 aa 00 00 
00 00 82 ff 08 f7 00 00  00 00 05 3f 87 fe 00 00 
00 00 3f df 18 bf 00 00  00 00 41 ef 6e fe 00 00 
00 00 b0 af 30 fd 00 00  00 00 18 ff c2 19 00 00 
00 00 b0 4f 54 5f 00 00  00 00 44 f7 c4 ff 00 00 
00 00 26 f5 13 87 41 00  00 00 98 6e 36 eb 80 00 
00 08 10 d6 ef fa 00 00  00 00 0a 4f 32 6f 00 00 
00 00 41 fb b4 be 00 00  00 00 c1 ff a6 bf 00 00 
00 00 02 ef 04 9f 00 00  00 00 09 5f b0 b3 00 00 
00 00 25 ff 19 ff 40 00  00 00 01 ef 18 ee 80 00 
00 00 20 be b0 e9 00 00  00 00 88 fc 00 ff 00 00 
00 00 c2 ef 3e 4e 00 00  00 00 d0 f7 26 df 00 00 
00 00 d8 ff 8e bf 00 00  00 00 4a ff c8 ee 00 00 
00 00 88 ef 18 fd 00 00  00 00 0d f7 40 59 00 00 
00 00 00 e7 2e bb 00 01  00 00 e4 fd 24 e7 00 00 
00 00 44 db c2 76 00 00  00 00 28 5e 90 ff 00 00 
00 00 40 af a4 75 00 00  00 00 12 ff 6a ef 80 00 
00 00 09 ff 60 df 00 00  00 10 8c ff 34 cb 00 00 
00 00 05 bf 47 cd 00 00  00 00 20 f7 d5 fb 00 00 
00 01 31 fd 45 ff 00 00  00 00 81 ff c5 f7 00 00 
00 00 34 f7 e0 7f 80 00  00 00 48 ff 65 35 00 00 
00 00 98 bf 02 7f 00 00  00 04 30 5e 0c ee 00 00 
00 04 87 ef e1 f8 02 00  00 20 dc bf fc bf 00 00 
00 00 1c f9 79 fe 00 00  00 00 61 ef 28 e3 02 00 
00 00 12 7f 84 d2 00 00  00 40 27 fb bc e7 00 00 
00 00 a3 fd e3 7f 00 00  00 00 17 f5 27 fe 00 00 
00 01 94 7e 10 76 00 00  00 00 4c 59 d3 ce 00 00 
00 00 18 fb 68 6d 00 00  00 00 8a df 68 ee 00 04 
00 00 60 ff cd ff 00 00  00 00 11 fb 52 ff 02 00 
00 00 01 bf 68 fa 00 00  00 00 42 ff e4 ef 00 00 
00 00 64 dd d3 7b 00 00  00 00 05 ee dc ff 80 00 
00 00 80 ff e3 fe 00 00  00 00 1b ff 81 de 81 00 
00 00 89 ff 94 f6 00 00  00 00 10 ff a2 f7 20 00 
00 00 30 fb 08 6f 00 00  00 00 85 ff a9 f3 00 00 
00 00 22 3f 52 bf 00 00  00 00 92 fe 03 fe 00 00 
00 00 84 ff 38 bb 00 00  00 00 8c ff 50 63 14 00 
00 00 49 a7 55 dd 00 00  00 00 f2 ef 1e fe 00 00 
00 00 23 d7 a4 e5 00 00  00 00 23 df 05 ef 00 00 
00 00 82 fe 1c 7d 00 00  00 00 02 ef e8 5f 00 00 
00 00 01 ff ed 7f 00 00  00 00 d0 9f 7b f7 20 00 
00 00 08 7d 12 fe 00 00  00 00 04 fd 08 dd 00 00 
00 00 4e cf 38 d9 00 00  00 40 b7 ff 09 fa 00 00 
00 00 30 df cd bd 00 00  00 00 06 ef c1 6f 00 00 
00 00 c1 fd 61 7b 00 00  00 00 45 fe 74 7f 06 00 
00 00 06 ff 32 f5 01 00  00 00 0b f7 39 71 00 00 
00 20 a8 ef a6 bb 00 00  00 00 83 ff 04 fb 00 00 
00 04 2f af 16 ff 01 00  00 00 06 ff 4e df 40 00 
00 00 4e ff df dd 00 00  00 00 58 db 04 f7 00 00 
00 00 20 dd 7e bc 00 00  00 00 63 7f 8c fd 40 00 
00 00 20 fd 77 77 00 00  00 00 00 ff 18 dd 00 00 
00 00 92 ff 95 ff 08 00  00 04 10 ff f1 ef 08 00 
00 00 02 ff 78 df 00 00  00 08 96 df 45 fe 00 00 
00 00 28 ff 7d b9 00 00  00 00 03 ff 3a 9f 40 00 
00 80 73 fe 0d ff 00 00  00 00 64 df 1f 7f 41 00 
00 00 00 fb 1f ff 08 00  00 40 d8 ff 10 7e 00 00 
00 00 78 bf f1 bf 00 00  00 00 10 ff 08 ff 00 00 
00 00 82 de 0f fe 00 00  00 00 13 fb 00 d9 80 00 
00 00 0e fd b7 78 00 00  00 00 36 bf 2a e6 84 00 
00 00 40 af 60 df 00 00  00 00 db ff 88 ef 00 00 
00 00 66 7f 08 ea 40 00  00 00 5c bd 50 fe 08 00 
00 01 a6 ff 08 ff 00 00  00 00 05 ff e0 df 00 00 
00 00 df f7 60 f7 00 00  00 08 03 fd 81 cf 04 00 
00 00 24 fe d2 7e 01 00  00 00 63 ff ea fa 04 00 
00 00 91 db 20 cf 00 00  00 00 0c ff 23 f3 00 00 
00 00 0b df c1 fd 00 00  00 00 0a ef 0e 7a 40 00 
00 00 d0 fd b1 ff 00 00  00 00 6a df 03 9f 00 00 
00 00 40 ff a0 f2 00 00  00 00 10 df ba 7f 04 00 
00 00 78 ff 60 fe 00 00  00 00 ec ff 29 fb 00 00 
00 00 79 5f f8 59 40 00  00 00 a1 fe d2 f7 08 00 
00 00 71 ff b1 7f 00 00  00 00 41 ff 77 fe 00 00 
00 00 8a af 12 ee 00 00  00 00 19 ef d1 df 00 00 
00 10 97 ff c0 3b 00 00  00 00 64 7f 06 9d 00 00 
00 00 04 db f2 5b 10 00  00 00 0c 3f 02 7f 00 08 
00 00 28 b7 4d 97 00 00  00 00 b0 bf 84 7f 00 00 
00 00 0b ff 07 3e 00 00  00 00 45 f6 32 d3 00 00 
00 02 15 75 cd 5d 00 00  00 00 e0 ff 68 f7 00 00 
00 00 4b ff 25 fc 00 00  00 00 73 9b 82 df 00 00 
00 00 02 fb 60 5f 08 00  00 00 98 db b7 ff 00 00 
00 00 13 f0 94 e9 00 00  00 04 08 ef 95 df 00 00 
00 00 25 bf b5 bf 00 00  00 00 62 7f aa 75 00 00 
00 00 33 ff 2f fb 00 00  00 00 91 fd 44 ff 20 00 
00 00 66 fb 10 ff 01 00  00 00 d0 ff e4 fd 00 00 
00 00 41 ff 11 da 04 00  00 00 f2 ff 25 ef 00 00 
00 00 42 f7 3c 7f 05 00  00 00 10 ff d0 fa 00 00 
00 00 f1 ef 13 ef 00 00  00 00 25 73 16 56 00 00 
00 00 e0 ff ce dc 00 00  00 00 1a 3f be 3b 00 00 
00 10 08 ff 0f de 40 00  00 40 5c ff 65 af 08 00 
00 00 3a ef 4e 7f 80 00  00 00 02 fb e8 fd 00 00 
00 00 02 ea 08 af 00 00  00 00 51 ff 10 fc 00 00 
00 00 0a ff 26 db 00 00  00 00 18 bf ec d3 01 00 
00 00 18 ef 1a ce 00 00  00 00 51 7f 62 ed 01 00 
00 00 23 fe 12 f6 00 02  00 00 06 ff 3c f7 10 00 
00 42 0c fb b0 fd 40 00  00 00 40 fe 7b 7f 00 00 
00 00 cf bb 40 df 00 00  00 00 84 ff 55 74 00 00 
00 00 84 b5 e9 f7 00 00  00 00 42 3f e2 ef 01 00 
00 00 21 ff c1 bf 10 00  00 00 7a ff 12 ef 0a 00 
00 00 1b fb 01 ff 04 00  00 00 86 df 98 ed 00 00 
00 40 04 ff 1b 3f 10 00  00 00 80 fb 84 7f 00 00 
00 00 27 fd 06 fb 01 00  00 00 8a ff 38 ff 00 00 
00 00 0b ff 43 f5 00 00  00 00 01 fb 77 fe 00 00 
00 00 30 ff 09 fe 00 00  00 00 20 ff 25 ff 00 00 
00 00 8e fe 32 a7 01 00  00 00 81 ff 33 ff 00 00 
00 00 30 af 55 bf 50 00  00 08 a1 bf d8 fd 00 00 
00 00 80 4e b1 58 00 00  00 00 c3 cf 12 d7 00 00 
00 00 08 bf e1 6f 02 00  00 00 64 ff 44 e5 00 00 
00 00 10 bf 57 ff 00 00  00 00 68 ff e9 ff 00 00 
00 00 30 fb 0d 7f 01 00  00 00 10 ff 7c ff 00 00 
00 00 6a af 9f f6 00 00  00 00 4e f7 d5 3f 00 00 
00 00 0b fe 12 ef 00 00  00 00 86 ff 08 7f 00 00 
00 00 82 3f 8f ff 00 00  00 00 42 ff ce dd 20 00 
00 00 21 37 40 e3 00 00  00 00 48 df 72 f5 00 00 
00 00 80 f7 54 ff 04 00  00 00 b9 f7 93 f7 00 00 
00 00 f0 fe 42 fd 00 08  00 08 f5 7b 73 fe 00 00 
00 40 18 eb 1e fe 00 00  00 02 45 7f d6 ff 00 00 
00 00 33 57 80 ef 40 00  00 00 8c fe 08 7f 00 00 
00 20 4e ff 43 0d 02 00  00 00 26 ff 85 5f 00 00 
00 00 18 7e 20 67 00 00  00 00 19 fb 9a d3 02 00 
00 10 43 7d be e3 00 00  00 00 82 cd e6 fd 00 00 
00 00 64 ff 92 e6 00 00  00 00 0a fe 6e 7f 00 00 
00 00 7a ff 2b ff 00 00  00 00 a3 fd 65 ee 00 00 
00 00 83 ff 9d de 80 00  00 00 38 ef dd ab 04 00 
00 00 50 ff d1 df 00 00  00 00 8b ff a2 fe 00 00 
00 80 24 ff ba f9 00 00  00 00 9c ff 40 69 00 00 
00 00 10 ff 5a d9 00 00  00 00 10 ff 43 af 00 00 
00 00 28 ff 5e bd 00 00  00 00 84 a7 4d fc 00 00 
00 00 41 fb e2 ed 00 00  00 02 1b ff 03 64 00 00 
00 00 70 ff c8 f9 10 00  00 00 25 be db fe 00 00 
00 00 22 ff 06 0f 10 00  00 00 58 df d7 fd 00 00 
00 00 43 6d 19 ef 00 00  00 80 e0 fe fe ff 00 00 
00 00 24 7f 61 af 00 00  00 00 8a 7f 18 fb 00 00 
00 00 0b 5f 3e 7f 00 00  00 02 3a ff 12 fe 00 00 
00 00 a4 ff 26 fe 00 00  00 00 40 ff 3b ef 22 00 
00 00 a6 ee a8 9e 08 00  00 00 18 ff fa df 0c 00 
00 00 70 ff f3 ff 00 00  00 40 01 7f f9 ff 00 00 
00 00 81 f7 40 67 00 00  00 00 c1 f1 36 5b 00 00 
00 00 24 ff 86 cf 00 00  00 00 8f 7e af df 00 00 
00 00 42 dd 42 ff 00 00  00 00 38 fe 35 e3 00 00 
00 01 15 ff 80 ff 00 00  00 00 01 df 05 7d 00 00 
00 00 02 ff 2a 9d 00 00  00 01 b0 f7 41 ff 00 00 
00 00 9d fd 98 f9 00 00  00 01 20 af fb f7 00 00 
00 10 41 da 87 af 00 00  00 00 88 fe 93 7f 10 00 
00 00 cf ff 3f f7 40 00  00 00 20 ff 32 bb 00 00 
00 00 16 ff 54 dd 10 00  00 00 00 ff 38 fa 00 00 
00 00 49 ff c0 6e 08 00  00 00 0b 7f 04 db 00 00 
00 00 94 7a a9 bf 00 00  00 40 e8 fb 24 ee 00 00 
00 00 a7 7f 3a 77 00 00  00 00 80 de 64 e6 08 00 
00 00 43 7f 4e fe 00 00  00 40 05 d7 ad df 00 00 
00 80 77 ff b2 d3 42 00  00 00 a2 df 24 fe 00 00 
00 00 84 fb ed 7f 00 00  00 00 40 bf de 5b 00 00 
00 80 92 ff 1c de 00 00  00 00 c0 ef 38 cb 00 00 
00 00 3b ff c9 f7 00 00  00 40 a1 df 80 f7 00 00 
00 00 18 ff a4 fe 00 00  00 00 c8 ff 9d 7f 00 00 
00 00 a4 ff 2e df 00 00  00 00 34 7f b4 ff 01 00 
00 00 0b f6 a3 ff 00 00  00 02 c0 ff 05 fa 00 00 
00 00 1c 6f 3a df 02 00  00 00 2b df d5 ff 00 00 
00 00 b4 bf 22 ee 00 00  00 00 a0 ff e9 bf 21 00 
00 00 58 ff c2 ff 00 00  00 00 02 ff 33 ff 00 00 
00 00 c4 ff 0a 7f 00 00  00 00 07 cf 82 bf 08 00 
00 00 c0 ef f5 67 00 00  00 00 04 ff 08 ff 04 00 
00 10 c8 ff 60 ff 00 00  00 10 01 7f 19 fe 00 00 
00 00 04 fe 63 ff 00 00  00 00 10 ff 55 3f 80 00 
00 00 72 ff 2c ba 00 00  00 00 95 6c 20 f7 02 00 
00 0b 2a ff 40 fb 00 00  00 00 42 ff 15 df 00 00 
00 00 a4 7e 43 b7 00 00  00 00 51 ee 93 ff 04 00 
00 00 80 fe b0 6f 00 00  00 10 30 ff e5 1f 20 00 
00 40 84 ff d2 dd 01 00  00 00 12 ff ee 7f 00 00 
00 00 4a ff 02 ef 00 40  00 00 a4 eb 53 7f 00 00 
00 00 40 ff 16 af 00 00  00 00 05 ff 77 7d 02 00 
00 01 29 f2 5a ff 00 00  00 00 cf 5f e6 ff 20 00 
00 00 b3 ef 32 6f 80 00  00 00 a7 7f ba fa 00 00 
00 00 60 f4 d1 ff 00 00  00 00 05 7f 33 f7 00 00 
00 40 30 bf 44 df 00 00  00 00 00 ef 15 be 30 00 
00 00 13 ff ff 7f 00 00  00 00 71 bf 67 ef 00 00 
00 80 32 ff 80 7f 90 00  00 00 82 b7 b4 df 00 00 
00 00 0c bf 89 ee 00 00  00 00 44 fb 3b b9 80 00 
00 08 5c f7 bc fa 00 00  00 00 10 bf a1 d7 00 00 
00 00 80 bf 2d f7 00 00  00 00 50 ff e9 7f 00 00 
00 00 ce ff 97 b5 01 00  00 00 94 ff 09 ff 00 00 
00 00 2a fe 0a 3f 20 00  00 00 16 f5 ca 5a 00 00 
00 00 91 ff 74 d9 01 00  00 80 28 ee b7 dc 02 00 
00 00 44 fe 22 fd 00 00  00 02 24 7f 9c 85 00 00 
00 00 50 fa 3b 77 00 00  00 00 51 ef c1 77 00 00 
00 00 58 be 76 ad 20 00  00 08 58 ed 96 ff 00 00 
00 00 c1 7f 0c 77 00 00  00 00 94 be b9 df 00 00 
00 00 b9 ff 27 d4 00 00  00 00 84 ff 94 ff 50 00 
00 00 80 ff 80 df 00 00  00 00 ee bf ad 3d 00 00 
00 00 62 ff 4f c6 00 00  00 00 00 7f 0a fc 00 00 
00 00 09 df d2 ff 00 00  00 00 26 df e4 ff 02 00 
00 fa 04 3e 12 e8 02 04  20 ff 00 ca 00 3f 00 0a 
00 bd 00 1f 00 fe 02 41  00 e4 09 cd 08 af 04 00 
00 ed 0c be 00 ab 20 00  00 db 00 3c 08 d3 10 00 
00 92 41 fe 40 7b c0 00  00 70 00 be 00 50 00 00 
00 4a 00 ab 80 11 01 00  00 f3 00 97 00 bd 00 04 
00 51 08 7e 18 8e 10 10  00 a5 80 d1 04 7d 20 c0 
00 8f 01 69 32 e1 00 08  00 b9 00 f7 0c 4b 05 80 
00 ab 00 fe 02 79 00 18  00 6e 00 6b 04 0e 09 82 
00 77 00 5a 1c 18 04 00  00 65 10 db 00 58 01 00 
00 fb 00 8d 00 60 00 00  00 13 00 b2 00 d1 00 80 
00 49 01 f1 08 95 02 00  00 b7 01 59 00 05 10 20 
00 b0 00 5a 08 36 00 02  00 b6 00 fb 50 6f 00 06 
00 c8 00 7c 00 9d 00 0a  00 bc 04 eb 11 8c 10 04 
00 57 00 b9 80 0e 00 04  00 ea 00 89 42 8e 01 03 
00 9b 00 6d 01 c5 02 00  00 a1 00 b9 a0 f9 00 00 
00 9e 00 6c 41 fc 04 00  00 35 00 9d 00 2c 10 00 
00 97 20 fb 04 c3 20 02  00 f3 00 cb 10 be 00 23 
00 d6 00 cf 90 e6 00 00  00 e9 02 d7 a9 11 00 10 
00 7c 00 5b 00 79 0a a8  00 7d 40 aa 20 46 00 06 
00 3a 02 a7 00 ff 0a 00  00 2e 00 27 14 f1 04 04 
00 bf 00 5b 00 12 00 02  00 f0 00 94 e0 0f 01 08 
00 7e 00 f3 20 96 00 00  00 fb 00 be 08 de 00 04 
00 45 00 ff 00 6f 02 03  00 7d 40 e5 80 6d 08 10 
00 eb 00 df 00 fe 48 02  00 e3 00 f9 01 cb 00 12 
00 06 30 e7 00 dd 00 02  00 3f 04 6a 00 ce 06 04 
00 c7 20 ff 00 cd 00 c0  00 8b 00 9e 20 3b 00 24 
00 86 00 f1 04 ca 04 08  00 81 00 fc 00 04 00 60 
00 b6 00 7e 40 1d e0 82  00 77 00 36 00 6b 8a 88 
04 f3 00 89 00 43 80 60  00 cb 00 f5 00 96 00 14 
00 ff 01 fd 02 f7 80 02  00 fd 01 ae 40 1c 00 03 
08 de 00 ee 00 eb 2b 20  00 75 00 d6 02 21 20 00 
00 7d 00 69 00 ae 40 01  00 9a 00 af 01 39 85 90 
00 fe 00 ff 40 4f 00 12  00 cc 01 ee 00 4d 80 01 
00 ff 00 f5 00 0b 00 20  00 ec 00 4e 01 da 14 08 
00 a3 00 fb 13 55 01 08  00 32 01 ff 02 c3 e0 61 
00 d3 01 d7 00 53 02 10  00 9d 08 37 01 84 10 70 
00 fd 00 71 00 e0 00 88  00 77 80 33 00 9c 80 15 
00 2f 04 de 00 f8 00 80  00 fc 00 cb 80 0a 02 14 
00 ee 48 63 00 d0 34 00  00 ff 00 ef 00 61 10 22 
00 e9 00 7f 00 99 00 0c  00 de 00 e7 11 12 00 01 
00 5d 08 fb 84 15 20 10  00 e3 03 de 20 ae 00 00 
00 ce 00 78 40 56 50 10  00 51 00 fb 00 17 09 02 
00 b0 22 7e 80 11 00 80  00 1e 06 07 00 62 04 04 
00 e3 00 d9 08 de 00 20  00 4a 00 43 10 0f 00 30 
00 7d 00 1c 00 77 00 00  00 af 80 f0 09 07 00 00 
00 69 00 7f 00 08 00 20  00 b9 00 ab 00 7c 80 00 
00 f6 00 de 00 90 02 00  00 07 00 b5 00 ee 00 9d 
00 67 02 9f 02 17 01 80  00 df 00 fb 00 b3 01 40 
00 cc 01 3a 00 13 ec 02  00 66 00 5f 11 fc 02 02 
00 e4 00 77 08 b0 00 15  00 49 00 8f 00 c3 00 00 
00 ff 00 19 01 16 80 00  00 cf 50 37 06 d5 04 83 
00 4d 00 ef 08 fa 02 01  00 ee 00 fc 00 91 30 98 
00 9e 00 fe 00 36 00 a0  00 ea 00 f5 06 f1 00 04 
00 7b 02 2b 02 d2 02 c8  00 7d 84 7b 00 dd 00 22 
00 6a c0 ff 84 ec 00 02  00 90 00 4d 00 1c 09 27 
00 f7 00 cb 00 04 10 12  00 bc 00 bb 00 56 00 20 
00 d6 00 70 a0 ec 40 80  00 5e 00 ba 00 b7 2c 08 
08 f2 00 e5 04 07 32 60  00 c7 00 12 00 6d 00 10 
00 89 00 e3 01 4d 00 60  00 74 80 7e 04 83 20 10 
00 a9 04 ed 00 90 00 00  00 f6 10 c6 00 ce 04 20 
00 bf 00 c2 90 e7 09 00  00 bf 00 e8 00 9d 00 0c 
00 68 00 5b 00 e6 00 00  00 af 00 a8 41 c9 04 16 
04 3f 40 b3 00 c7 00 40  00 77 00 fc 00 4b 00 00 
00 f4 00 5f 44 89 80 02  00 2b 08 7f 01 eb 40 80 
00 37 20 6b 00 22 20 18  00 bd 00 ef 02 6a 00 04 
00 a5 00 91 10 8f 00 00  00 17 00 ed 20 bf 00 00 
00 77 44 5c 00 fc 00 50  00 ba 00 f9 00 3f 00 00 
00 7f 00 7f 40 9b 00 01  40 7a 00 4f 01 4e 00 30 
00 ec 00 e7 11 e3 09 00  00 f9 00 f7 00 cb 04 21 
00 b7 00 1e 00 ee a2 14  00 5f 00 f0 10 fe 00 00 
00 b1 00 6d 10 7b 80 00  00 7e 20 bf 04 e8 21 08 
00 b2 00 7d 00 9d 00 44  08 cd 00 d3 03 81 04 00 
00 de 02 bf 01 e7 14 80  00 d3 00 07 90 ec 40 e0 
00 7b 41 fb 00 13 01 8c  08 0a 01 6d 24 7b 00 80 
00 62 00 d6 20 cb 00 84  00 f2 04 ed 20 f9 12 04 
00 9f 02 8e 00 c4 10 04  04 fc 00 b1 00 e1 02 02 
00 3b 40 bd 10 28 00 00  00 eb 00 d7 01 db 60 08 
00 df 00 99 08 7f 00 04  00 ff 04 ff 00 27 30 10 
00 b9 00 7b 04 c6 03 08  00 a3 40 95 08 64 41 0c 
00 b5 00 3b 00 7b 04 04  00 c6 00 1e 00 49 60 0a 
00 9f 10 76 00 2d 20 02  00 f7 00 ee 02 ef 40 0a 
00 b7 00 ff 10 79 48 82  00 fb 00 fb 40 54 0a 42 
00 bf 48 6e 18 9f 10 00  00 9e 00 ed 21 16 20 08 
00 3d 04 77 40 59 01 02  00 3f 00 d7 00 17 00 00 
00 7e 00 d5 00 22 00 10  00 fa 08 ff 08 2b 11 41 
00 9d 00 6e 90 8e 10 80  10 7b 01 be 80 b9 22 19 
00 b7 00 df 00 07 41 04  00 bf 00 9f 00 71 20 00 
00 fb 00 ff 02 8b 05 0a  00 b7 00 fa 88 0d 00 7c 
00 ef 00 79 10 3c 20 20  00 77 0c 6d 00 61 00 85 
00 62 00 bf 00 d3 01 81  00 55 02 2c 01 56 00 00 
00 7e 02 ca 08 8d 04 40  00 bf 00 7c 01 4e 10 00 
00 57 24 1f 60 43 20 00  00 51 04 ea 50 20 20 20 
00 e7 40 77 00 a4 00 60  00 f5 08 dd 04 21 00 10 
00 c7 00 f3 00 ef 80 18  00 e3 40 ef 00 d9 89 28 
00 bf 00 b7 20 94 00 00  00 5f 40 bf 00 d9 00 04 
00 2e 44 f6 03 e3 00 00  00 97 10 ba 04 e4 00 40 
00 f9 00 bc 01 3e 00 08  00 33 00 71 42 8e 00 10 
00 5f 00 4f 00 96 00 22  00 06 80 de 80 3c 00 00 
00 9f 00 df 08 7d 80 00  00 1f 00 eb 00 74 00 04 
00 d3 11 dc 20 09 09 20  00 7a c0 d6 00 d1 00 40 
80 d7 04 cf 04 d2 03 08  00 c9 00 bb 00 7c 04 c0 
00 2f 0c d1 00 57 10 02  00 cf 00 6c 04 2e 00 2a 
00 6e 20 eb 12 ff 00 00  10 76 00 7f 00 13 00 00 
00 71 41 b9 04 3a 00 a0  00 3f 00 f2 10 f8 40 00 
00 31 00 18 00 3a 10 00  00 39 04 53 00 b1 11 08 
02 3d 00 b9 00 6d 00 10  00 ff 80 c8 00 91 00 84 
00 4a 00 ee 10 0c 20 02  00 b6 00 d9 00 d3 02 01 
00 bb 00 ba 10 1f 00 00  00 ec 00 78 28 58 c0 34 
00 71 00 f7 00 42 00 00  00 f7 00 97 00 d1 00 00 
00 7c 04 b1 00 a8 00 00  00 0d 40 e9 01 0a 13 20 
00 2f 00 22 80 f9 10 2c  00 5d 00 87 00 ac 14 40 
00 fa 00 56 02 eb 51 00  00 85 01 fb 20 d1 00 40 
00 ee 20 db 4c 5a 20 02  00 f3 01 fa 28 5b 04 00 
00 43 04 87 00 b5 00 82  00 9f 00 80 04 94 00 08 
00 54 00 bd 10 d5 00 35  00 7e 00 93 80 be 00 10 
00 33 00 31 00 79 81 00  00 f8 00 e9 10 34 00 60 
00 af 01 ab 20 85 04 00  00 fe 00 cd 04 0e 0c 01 
00 a1 40 ef 00 ca 00 48  00 6f 10 8f 00 9b 14 92 
00 e3 12 e5 00 be 00 04  00 bc 00 d7 10 70 0c 44 
00 b5 00 95 00 04 10 41  00 ea 00 1f 00 5c 00 24 
a0 f1 08 ac 00 36 82 08  00 a7 40 cc 00 28 01 08 
01 b5 04 ff 50 2e 22 00  08 e8 00 6e 00 c4 00 07 
00 c6 00 dc 90 2d 00 04  00 de 80 c0 00 ec 00 01 
02 f1 00 9f 10 25 10 00  00 fd 00 ef 01 75 00 02 
00 df 00 9a 00 9a c2 00  00 7e 40 fd 00 0a 00 25 
00 d6 00 c6 04 31 80 00  80 c2 05 fd 40 d4 00 50 
04 cf 08 52 00 75 02 18  00 57 00 9a 00 9c 20 04 
00 f1 40 ee 00 7f 88 08  00 5e 00 77 00 54 06 00 
00 ef 08 77 80 0b 01 00  40 ff 42 fe 00 c7 00 41 
00 9b 00 7f 00 5c 08 0c  00 9f 00 f0 80 b1 02 00 
00 2f 00 bb 41 a5 00 48  00 d8 40 e6 00 e8 04 00 
00 e3 40 6e 80 34 02 02  00 1d 00 7b 00 23 21 00 
00 fd 00 35 04 1e 50 18  00 ab 00 7d 08 53 02 00 
00 e7 00 c9 00 aa 00 49  00 f6 00 7f 08 54 22 13 
00 f7 00 6e 02 31 04 02  00 57 00 2b 00 74 00 48 
00 fe 00 de c0 ab 00 64  00 33 01 d0 00 55 00 10 
00 bf 00 b7 00 fa 21 00  00 5a 00 ab 08 0b 03 20 
00 97 00 c3 00 dc 00 40  00 ea 50 ff 00 5e 04 00 
00 ee 40 9f 02 57 00 03  00 1e 20 f9 00 74 00 88 
00 29 20 dc 00 3c 02 80  00 fb 20 b6 00 5b 11 02 
00 bb 00 fa 00 85 00 0c  00 f0 00 6c 00 20 00 04 
00 d6 04 38 00 33 00 d0  00 df 00 cf 00 44 00 c4 
00 f1 00 66 00 b8 00 00  00 3d 00 2e 00 d5 02 4c 
00 e1 00 ff 10 95 01 00  40 66 00 f5 00 6b 08 04 
00 5d 00 7f 04 9e 01 01  00 50 04 8b 08 6b 42 00 
00 bd 00 ce 00 98 40 04  00 bd 00 8e 00 ca 10 00 
00 f9 02 9f 00 ba 00 13  01 ea 00 f3 40 ce 00 00 
00 f2 00 d5 20 d3 00 41  00 ef 80 35 20 9c 00 00 
00 69 10 fe 32 ea 02 14  00 7f 00 af 80 0d 0a 11 
00 3c 00 cb 00 0b 82 2c  00 0f 40 bf 00 76 00 00 
00 ce 00 f1 00 1f 08 82  00 65 00 57 00 fd 00 10 
00 7e 01 ce 00 41 22 08  00 7f 08 61 80 ee 10 01 
00 8b 00 c0 00 45 01 85  00 f4 00 c5 00 70 00 00 
00 b9 00 ed 00 ca 00 40  00 61 01 74 04 5d 84 00 
00 3f 80 bb 00 7a 00 00  00 9f 08 76 12 47 00 00 
00 d4 04 cd 00 45 00 00  00 db 18 d3 00 cc 04 12 
00 9e 01 c9 04 19 11 40  00 18 00 47 00 56 00 10 
00 ca 08 6d 40 bb 01 06  00 87 00 73 80 06 10 00 
00 f9 10 cb 04 d2 08 81  00 f7 00 4e 00 fc 02 20 
00 7b 90 06 00 ea 04 08  00 2d 50 c8 00 bd 00 80 
00 27 60 fb 24 b6 20 24  20 27 00 f3 30 99 0c 8c 
00 1f 00 3f 44 e3 01 00  00 80 00 2d 00 7e 0a c2 
00 f5 00 af 00 cb 88 02  00 4a 00 f7 08 95 60 54 
00 aa 00 d9 65 24 00 0c  00 27 00 fe 00 85 24 04 
00 5a 03 ff 00 da 00 10  00 fd 00 ff 80 8b 00 04 
00 5f 80 bf 20 b7 00 80  00 e1 00 ae 00 c8 30 00 
00 1f 00 dd 00 d2 88 10  00 77 00 5a 02 0c a4 10 
00 31 00 a7 02 10 01 71  00 e7 20 9d 40 95 04 20 
00 0a 00 c9 01 ef 00 85  00 3a 00 3d 00 38 00 40 
00 dc 00 75 40 84 00 00  40 7f 20 ed 00 3e 00 18 
00 d7 00 80 00 06 10 00  00 ae 00 84 02 f1 00 10 
20 76 82 3d 0a 0f 00 d0  00 0b 00 d5 00 a8 20 00 
00 ad 00 ef 20 9d 41 50  00 a5 82 e7 01 11 00 80 
00 b1 06 d7 a0 63 00 00  00 55 80 7b a0 cd 41 4a 
00 75 00 ab 04 30 02 00  00 2f 00 37 04 17 00 20 
00 da 60 e1 48 10 40 00  00 3f 00 c1 2a 8d 00 44 
00 dd 00 7b 00 f1 00 44  00 77 00 fb 04 f4 00 92 
00 9c 80 37 02 f8 20 12  00 db 80 5f 00 bd 01 40 
00 df 08 a7 05 d1 90 00  00 f8 00 9f 00 57 10 08 
00 3f 02 56 08 dc 45 08  00 f7 00 9d 20 e4 00 20 
00 9e 00 0f 08 23 84 81  00 c7 54 fa 00 2f 02 1c 
00 cd 00 b7 20 c7 00 10  00 97 00 c7 00 e2 c0 04 
10 92 20 ec 03 57 00 00  20 ea 00 fd 18 bd 00 00 
00 cf 10 7f 00 55 80 04  00 f3 01 f5 02 d7 08 08 
00 ef 00 7b 20 7b 10 00  00 bb 00 eb 00 c7 40 61 
00 ff 20 7f 04 a5 00 05  00 79 00 de 30 bc 40 04 
00 7a 20 70 00 27 03 10  00 dc 00 2a 00 e4 04 00 
00 bd 00 97 21 7b 00 08  00 ba 00 db 00 45 10 00 
00 da 00 24 08 ea 00 00  00 7e 00 ea 00 62 40 00 
00 ad 00 f6 01 37 02 10  00 fd 20 eb 40 8d 02 00 
00 8d 01 c7 00 21 08 00  00 b1 00 1f 00 0e 00 00 
00 e8 24 f0 62 fa 82 20  00 de 00 cb 41 38 00 40 
00 fb 00 9d 00 9e 08 82  00 f3 10 b7 00 ce 00 00 
00 fa 04 cd 02 e5 10 12  00 1e 00 ff 81 8b 00 04 
00 84 00 ff 80 ed 00 40  00 76 00 cd 40 9a 01 01 
00 6d 00 34 02 e6 00 23  00 eb 00 ba 20 2f 08 20 
00 be 00 fe 00 77 15 00  00 25 00 fd 08 c2 02 00 
00 d7 01 eb 82 aa 02 10  00 e1 80 57 08 3a 80 84 
00 ef e0 7e 00 fc 00 10  00 6d 00 0b 00 d2 08 00 
00 21 00 eb 40 5a 1c 00  00 74 00 b7 01 b7 0d 41 
00 ae 00 d6 4c 5b 00 00  00 f2 00 05 00 a6 90 00 
00 68 00 f6 10 11 00 00  00 de 00 52 02 71 80 2c 
00 ed 00 f2 01 93 90 00  00 cd 02 77 00 bb 18 00 
00 37 00 07 00 b3 40 00  00 e3 10 bd 00 84 00 20 
04 7f 00 d5 00 37 60 00  00 2e 81 d3 04 22 61 02 
00 dd 00 eb 84 7d 00 08  00 bd 20 0a 00 11 00 40 
00 34 00 06 08 78 00 42  00 7b 00 78 20 c2 00 02 
00 bb 02 af 00 21 00 01  00 78 40 47 00 dd 42 c0 
00 fb 80 ff 00 1f 00 04  00 bf 00 fe a0 e9 51 90 
00 fa 00 e7 c0 e7 00 50  00 31 00 bc 00 f4 00 40 
00 fc 01 79 80 bb 02 02  00 96 00 2a f2 da 43 00 
00 9d 01 ef 00 12 00 04  00 73 00 ab 09 6d 00 2a 
00 f6 01 ff 44 16 80 4c  00 bf 02 97 0e 69 00 00 
00 73 00 f7 00 b2 00 24  00 b9 00 76 10 f1 80 00 
00 55 18 df 00 af 00 40  00 6e 00 6a 00 49 00 40 
00 f6 00 fa 00 e4 20 20  00 b3 00 d3 00 c1 40 00 
00 bf 00 0a 80 66 01 00  00 8f 00 67 01 20 00 00 
00 ef 03 2b 80 bd 12 01  00 ff 00 c9 00 f0 04 40 
00 4e 02 d0 04 18 10 00  00 fc 00 5b 40 9e 80 80 
00 7b 00 76 01 d7 01 00  00 fe 00 ae 00 75 80 61 
00 79 80 72 01 2f 00 20  00 75 00 6b 00 70 00 00 
00 17 00 6c 80 da 00 00  00 e9 20 f5 03 a6 00 08 
00 da 00 e6 08 89 08 19  00 ec 00 8e 04 72 00 82 
00 6c 10 fd 00 df 00 80  00 e7 00 5f 10 0f 00 01 
00 ec 00 f7 0a 06 20 40  00 75 00 e0 20 ec 14 88 
01 ef 01 bf 00 27 1e 40  00 f3 20 f5 10 c7 00 08 
00 5f 20 73 00 92 00 02  00 b5 02 db 20 19 20 41 
02 57 20 1f 81 1f 40 25  00 fa 20 e7 02 36 10 00 
00 dd 01 ef 01 58 04 21  00 7d 00 bb 00 b5 88 80 
00 4d 20 e6 80 6e 04 81  00 b6 00 7f 01 b3 08 01 
00 22 00 db 00 aa 40 40  00 e3 00 d4 00 c0 90 08 
00 55 02 e8 20 55 00 00  10 69 00 14 04 5f 02 54 
00 5e 68 d3 11 01 00 00  00 ad 00 e3 00 1a 08 00 
00 8d 02 36 50 8b 00 04  00 b2 00 b5 04 aa 00 00 
00 5e 01 c9 00 57 01 02  00 9b b1 c6 05 22 41 00 
00 e9 00 3e 00 94 00 00  00 eb 00 7d 00 de 10 02 
00 b4 00 ea 00 01 c8 00  00 fe 04 79 00 bf 10 21 
00 db 00 c7 02 64 c0 01  00 7d 28 9f 00 7b 40 89 
00 2e 00 ec 14 14 00 00  00 de 00 67 00 7d 20 81 
00 af 00 a7 00 53 00 18  00 5c 04 ff 04 6d 10 05 
00 f9 00 e9 80 fa 00 8a  80 fb 00 ff 10 68 20 80 
00 f7 00 db 00 af 05 09  00 af 00 61 00 08 20 80 
00 bb 00 dc 02 99 00 00  00 ef 00 54 00 60 02 00 
00 e7 20 a8 42 4f 10 00  00 eb 00 75 40 4a 00 08 
00 af 00 fa 88 f5 80 08  00 ea 20 5a 08 93 00 08 
00 78 00 fb 40 2f 00 80  00 be 80 c8 04 8c 00 00 
00 67 40 b7 00 3d 00 02  00 a3 02 a4 00 65 01 02 
00 fc 00 9c 00 6d c0 00  00 65 01 e9 00 ae 80 91 
00 8d 00 c9 04 2f 20 00  00 47 02 b8 80 4e 80 04 
00 89 08 7f 18 89 40 00  00 77 05 cf 00 c7 20 42 
00 f9 01 eb 44 f8 08 50  00 6f 00 fb 00 d2 00 02 
00 a4 40 2a 45 68 04 08  10 bd 00 a4 00 ad 04 00 
00 2f 09 c9 00 1c 10 48  00 ef 02 cd 00 08 00 02 
00 c3 00 12 00 0a 20 04  00 bc 0a d5 00 03 21 08 
00 79 00 3e 00 f4 00 21  00 a1 40 c3 04 3d 40 80 
00 35 00 df 00 eb 00 00  00 8d 10 ea 20 e8 12 80 
00 00 59 ef e8 fb 02 00  00 00 48 fb 41 fe 00 00 
00 00 a8 ff 6a 6f 00 01  00 00 09 7f 41 ff 00 00 
00 00 93 fd 11 ef 20 00  00 00 dd ff 7b c4 00 00 
00 00 81 6f 06 bf 00 00  00 00 06 d7 22 ed 00 00 
00 00 4f ff 20 df 02 00  00 00 40 f7 9b ff 00 00 
00 00 a4 7f 01 fd 00 00  00 00 32 ff 38 db 00 00 
00 00 4d fe 5f 47 00 00  00 00 40 df f0 ff 00 00 
00 00 00 ff 64 df 00 00  00 80 94 fd 00 7f 00 00 
00 00 83 ff a1 bf 00 00  00 00 85 ff ee cf 00 00 
00 00 04 ff 33 ef 00 00  00 00 3a ff e8 f5 08 00 
00 00 1c a7 03 fd 00 00  00 00 e0 76 6c ff 00 00 
00 00 6b fd d1 fd 00 00  00 01 25 fb 21 b7 00 00 
00 00 a6 ff 0a 7f 00 00  00 00 45 ff 51 f6 00 00 
00 04 4a fe 98 ff 04 00  00 00 29 f7 83 e5 00 00 
00 00 41 ce 80 7f 00 00  00 00 20 3f 4e 6f 00 00 
00 00 12 f7 59 7a 00 00  00 00 a5 6f 27 df 10 00 
00 00 6e f5 1b db 00 00  00 80 83 f7 98 a7 00 00 
00 00 01 af 31 fa 04 00  00 00 1d fb 24 ff 10 00 
00 00 03 fb 1b 7d 00 00  00 00 6d fd 7e 36 00 00 
00 00 06 bf 9d fd 01 00  00 00 2e ff c9 ff 01 04 
00 00 20 ef 31 7d 02 00  00 00 41 6f 13 ff 00 00 
00 08 44 fd 17 ff 00 00  00 00 08 7b 8e fb 00 00 
00 00 8b d7 3a df 10 00  00 00 a9 ff 87 bf 08 00 
00 00 8a ff ac f6 00 00  00 00 2c ff 18 af 00 00 
00 00 0c ff 75 df 00 00  00 03 88 79 db 73 00 00 
00 00 12 ff 4d f5 00 00  00 00 40 7f 07 be 00 00 
00 00 05 ff 89 fa 20 00  00 00 22 ff 13 9d 00 00 
00 00 85 bf 16 e7 04 00  00 00 c1 ff 04 df 00 00 
00 00 ab eb b6 7d 40 00  00 00 e1 ff 00 ff 00 00 
00 00 c6 bf 9b f5 00 00  00 00 0b ff 2c 7d 00 00 
00 00 20 ff 34 de 02 00  00 00 01 f7 64 f7 00 00 
00 00 40 ff 5e ad 00 00  00 00 aa be 1c eb 00 00 
00 00 57 ff 8d ff 08 00  00 00 c3 ff 4e ff 00 20 
00 00 10 fd e4 bf 00 00  00 00 04 bf 26 ff 00 00 
00 00 a0 ff a9 df 00 00  00 00 02 ff 03 be 00 00 
00 00 85 f7 eb 73 40 00  00 00 24 f7 8a ec 04 00 
00 00 82 be b0 ff 00 00  00 00 41 fe 1f ab 00 00 
00 01 c1 ff ac 1f 00 00  00 00 40 ff 00 bf 00 00 
00 00 04 fb 1b fa 00 00  00 00 80 c9 eb f4 00 00 
00 40 03 ff fa 9f 20 00  00 00 8d f7 1e 7b 00 00 
00 00 89 d7 e3 97 00 00  00 00 02 fd de fe 00 00 
00 00 62 7f 9c db 00 00  00 00 0e ff a1 fb 00 00 
00 00 d0 7b 34 7f 00 00  00 00 28 fe 0c fb 00 00 
00 00 28 fe b2 ef 00 00  00 00 92 ff 18 ff 80 00 
00 00 45 f7 2c 8f 00 00  00 00 40 f6 38 fe 00 00 
00 00 33 bf 74 ff 10 00  00 00 c8 d7 0a 3f 12 00 
00 00 b8 ea c8 ad 00 00  00 00 08 ff 73 ae 00 00 
00 00 32 ff 8b be 00 00  00 00 0f ff 05 ef 00 00 
00 00 6c ff ba e2 00 00  00 00 84 cf 41 f5 00 20 
00 00 ea ff 17 7d 00 00  00 00 bf ff dd fd 40 00 
00 00 48 ff c5 bf 00 00  00 00 60 bf 07 de 10 00 
00 00 27 f5 42 fd 00 00  00 00 50 7d e5 de 00 00 
00 00 00 fd 2f f6 00 00  00 02 46 ff 04 fb 03 00 
00 00 00 e7 5e ec 00 00  00 00 a5 eb c7 ff 00 00 
00 00 a2 ff a0 df 00 00  00 00 0d ff 5f ff 00 00 
00 00 cc cf cc ce 00 00  00 00 03 fe 41 f7 00 00 
00 00 65 f7 67 df 00 00  00 04 40 f7 05 fb 80 00 
00 00 20 ef 6e ff 00 00  00 10 1b ff ca ff 01 00 
00 00 73 df 13 fe 00 00  00 00 00 ff 40 fb 00 00 
00 00 8c fd 5c d9 00 00  00 00 0a fd bb ff 00 00 
00 02 2a af 15 73 00 00  00 00 0d 73 26 f7 00 00 
00 01 41 ff 84 5f 00 00  00 00 b0 ff 62 ec 00 00 
00 20 40 ff 9e fc 00 00  00 00 59 ff 6e 7f 00 00 
00 00 37 bf bc ff 00 00  00 04 2a ff 06 ff 00 00 
00 00 84 de 53 fd 00 00  00 00 d8 ed 9d 7f 00 00 
00 00 21 df 42 f1 00 00  00 00 28 ee b2 7f 00 00 
00 00 00 df c7 6f 00 00  00 00 3b ff 9c f7 0c 00 
00 00 84 f8 3c f1 00 00  00 08 1d ff 0a ff 00 00 
00 00 0d ff 5a bf 20 00  00 00 25 bf 83 fd 00 00 
00 00 0c ff 06 f9 01 00  00 00 40 fd df ff 00 00 
00 00 85 ff eb ff 00 00  00 00 21 7b 60 9b 00 04 
00 20 04 ff 0e fe 00 00  00 00 09 df c7 ff 10 00 
00 00 0a f3 91 fd 00 00  00 00 13 bf 4d df 00 00 
00 00 6c 5d 74 ff 04 00  00 10 08 d7 10 fe 20 00 
00 00 30 fb 2c fd 00 00  00 00 23 73 68 b7 01 00 
00 00 19 7a 2c ef 00 00  00 00 10 7f c5 bf 00 00 
00 00 88 ff a1 cd 00 00  00 00 02 ef 08 bf 00 00 
00 00 68 ff 24 fd 00 00  00 00 68 e3 cc 77 00 00 
00 00 02 fe c0 df 00 00  00 00 63 3f 03 ed 80 00 
00 00 a2 f7 5f fa 00 00  00 00 15 fd 94 ff 00 00 
00 00 68 ed 0b e3 00 00  00 00 55 7f 26 ef 00 00 
00 00 d1 fe b9 f0 00 00  00 00 7b ff 48 df 00 00 
00 00 80 ff 2d ff 00 00  00 00 e8 de d4 ff 00 00 
00 00 86 ff b8 f6 00 00  00 00 2c ff a6 ff 00 00 
00 02 1a bd df f7 00 00  00 00 49 7f 35 fb 00 00 
00 00 01 ff 84 7b 00 00  00 00 00 ef 0c ef 00 00 
00 00 72 7f 02 7f 00 00  00 00 22 fe e4 eb 00 00 
00 00 07 f7 0d ef 02 00  00 00 9a ff 54 ff 00 00 
00 10 80 fe 9a 7b 00 00  00 00 02 df 31 bf 00 00 
00 00 12 f5 41 e7 00 00  00 00 52 fd 6c ef 00 00 
00 00 20 fb a0 fb 08 00  00 00 c9 be 9e fc 00 00 
00 00 08 f7 15 7f 00 00  00 00 05 7f 52 ea 00 00 
00 00 1c ff 62 fc 01 00  00 00 0a ef d3 77 40 00 
00 00 c0 bb 60 ff 00 00  00 00 4a ff 82 ff 00 00 
00 00 2f ef 20 ff 00 00  00 00 08 e6 44 bf 00 00 
00 00 44 fd 98 de 40 00  00 00 00 ff b0 ee 28 00 
00 00 b2 bf 77 ff 01 00  00 00 09 fb f2 ef 02 00 
00 10 a2 ff 24 ff 00 00  00 00 2f ee f6 bc 00 00 
00 00 9d 7f eb ff 00 00  00 00 09 ff a9 77 00 00 
00 00 42 d3 da cf 10 00  00 00 15 ff 06 f7 00 00 
00 01 a8 ff aa db 08 00  00 00 74 ff 24 bc 00 00 
00 40 d5 ff a4 ff 40 00  00 00 73 ff d3 13 00 00 
00 02 00 ff 8f df 00 00  00 00 a5 ff b2 f5 00 00 
00 00 00 ff fa ff 00 00  00 00 c4 d7 88 ef 00 00 
00 00 62 f7 80 67 01 00  00 00 d2 bd 02 eb 40 00 
00 00 00 fd 13 b7 01 00  00 00 0a df a6 ff 00 00 
00 00 4e fe 4d 65 00 00  00 00 29 ff e9 ff 00 00 
00 00 05 ff 0a ff 04 00  00 00 07 f7 8e f9 80 00 
00 00 47 ff e1 4d 00 00  00 00 04 bf 02 7f 08 00 
00 00 1e ff 1a 9d 40 00  00 00 72 f3 d4 7f 00 00 
00 00 cc 7f 63 db 00 00  00 00 10 7f 8c ff 00 00 
00 00 09 fd 21 fa 00 00  00 02 69 f7 03 fc 00 00 
00 00 12 fc 18 f7 04 00  00 00 8c ff 66 fd 00 00 
00 00 84 db 6d ff 18 00  00 00 e3 ff 77 ff 00 00 
00 00 02 7f 6d ce 00 00  00 00 88 ef 78 e7 01 00 
00 00 40 af 40 ff 00 00  00 00 44 f7 21 f2 00 00 
00 a0 25 fc d0 f7 00 00  00 00 a9 ff a0 77 00 00 
00 00 84 6e 1e fd 00 00  00 00 45 af 52 5c 00 00 
00 82 41 eb 40 fe 00 00  00 00 04 f6 23 ff 00 00 
00 00 f8 fc ac 6a 00 00  00 01 0a ff e1 ff 00 00 
00 00 81 fd 4f 7f 01 00  00 02 53 f1 5b ef 00 00 
00 00 18 7f 84 bf 00 00  00 00 20 df 2f 67 04 00 
00 00 0a ff 5c ef 00 00  00 08 20 ff 50 ef 00 00 
00 00 42 7f 8e c6 21 00  00 00 1e ff f4 f7 00 00 
00 00 60 f6 15 eb 00 00  00 00 83 cf 83 bc 00 00 
00 00 20 ff 23 ff 00 00  00 00 80 e7 80 ff 00 00 
00 00 02 f7 51 ff 00 00  00 00 d0 6f 54 6f 00 00 
00 80 50 ff e2 ee 00 00  00 20 42 ff 9a df 00 00 
00 00 03 ff 39 ab 84 00  00 00 04 ff 0f fe 00 00 
00 00 c1 ff 80 ff 00 00  00 40 96 fb bd ff 00 00 
00 01 21 fd 09 ef 00 00  00 00 00 fc 69 6e 00 00 
00 00 05 bf 26 5f 00 00  00 01 00 ff 3d 7b 00 00 
00 00 13 fb 67 6f 00 00  00 00 8a ff b4 fc 00 00 
00 00 a2 fa 8c fb 00 00  00 00 08 ef f9 7f 00 00 
00 00 49 fa 19 b7 00 00  00 00 00 ff ea 6f 10 00 
00 00 09 ff cc e3 00 00  00 00 98 fe 19 ed 00 00 
00 00 50 f7 3c fb 00 00  00 00 d5 fb ed df 04 00 
00 00 a4 9f a2 fe 00 00  00 00 02 ef 01 de 00 00 
00 00 a8 ed be ff 00 00  00 00 2b be 25 df 00 00 
00 10 9c fe 86 d7 00 00  00 00 68 fd 17 d3 00 00 
00 00 80 77 b4 f7 00 00  00 00 05 fe 75 df 00 00 
00 00 98 eb 41 cf 00 00  00 00 2b fd a1 f7 00 00 
00 00 12 fe 0f fb 00 00  00 00 44 bf 2d ff 00 00 
00 00 dd ff fd fb b0 00  00 00 06 fd 11 ff 00 00 
00 00 d0 fd a1 7b 00 00  00 00 89 ff fe ff 00 00 
00 02 06 af 09 7f 00 00  00 00 10 7e 50 7e 40 00 
00 00 88 fa f3 67 00 00  00 00 a0 fd 61 e3 00 00 
00 00 4a fb b9 ef 00 00  00 00 36 fd 88 ff 00 00 
00 00 22 fd 63 df 00 00  00 00 82 fe 14 f3 00 00 
00 10 a4 f7 05 bb 00 00  00 00 0a ff c2 fd 00 00 
00 00 81 ff f2 9f 00 00  00 09 27 ff f3 ff 00 00 
00 00 b6 7d 69 df 00 00  00 00 84 bd 39 ed 00 00 
00 00 01 ff 09 df 00 40  00 00 86 b7 7f e7 04 00 
00 80 04 3f 31 f9 00 00  00 00 20 ff 4a 7d 00 00 
00 00 c0 bf 9a bf 04 00  00 00 40 e3 49 b7 00 00 
00 00 f0 fb 94 fb 10 00  00 84 40 fe 5a b8 08 00 
00 00 ae 7f e9 d7 00 00  00 00 89 d7 59 f7 00 00 
00 00 45 ff 8a b3 00 00  00 00 32 ff 2e ff 00 00 
00 00 80 f7 06 ef 00 00  00 00 80 ff dc e6 00 00 
00 00 12 ef 0b fe 00 00  00 00 28 ff 14 f7 00 00 
00 00 45 76 31 fe 00 00  00 02 4a ff 12 bf 00 00 
00 00 86 ff 62 df 80 00  00 00 82 ff 5c fb 00 00 
00 00 19 fb 6e fc 00 00  00 11 8d 77 68 fe 00 00 
00 00 76 ff 54 ff 00 00  00 00 07 79 69 ff 02 00 
00 00 21 bf 4d bf 00 00  00 00 b0 bf 48 6b 00 00 
00 20 0c b5 8b 6e 00 00  00 40 ae ef 12 fe 80 00 
00 00 d3 ff 07 ee 00 00  00 00 d0 fb 2c bd 00 00 
00 00 12 ff 87 b9 00 00  00 00 59 df b7 ae 00 00 
00 00 6a ff aa ef 00 00  00 00 1a 3f 21 ea 04 00 
00 01 10 fe 44 b7 02 00  00 00 14 fe 14 7f 00 00 
00 00 45 a8 0e ed 00 00  00 01 a7 f3 2b ff 00 00 
00 00 8d fb 8a 3d 01 00  00 10 28 d9 42 ef 20 00 
00 00 42 7f 1e ff 00 00  00 00 40 ff 04 5f 10 00 
00 00 24 e3 b3 bf 00 00  00 00 3a ef 7a fe 00 00 
00 00 a0 ef 31 7d 00 00  00 01 08 f7 54 af 00 00 
00 00 12 ff be c9 00 00  00 00 17 7f d4 97 04 00 
00 00 a2 f7 92 8c 00 00  00 00 04 bf 47 5e 08 00 
00 10 a5 fb 8a e3 00 00  00 00 81 ff c2 fb 04 00 
00 00 0c f5 59 5f 08 00  00 00 44 7b 45 bf 80 00 
00 00 b2 df 72 de 00 00  00 00 81 6f c6 cf 00 00 
00 10 08 b7 43 97 00 00  00 00 54 ff 51 4b 00 00 
00 88 04 bf 0f ef 40 00  00 80 7a ef a1 f5 00 00 
00 00 01 77 80 de 00 00  00 00 92 ef c5 fa 00 00 
00 00 e0 eb a9 ef 00 00  00 00 19 3d 32 fe 00 00 
00 00 8a 79 0b 7c 00 00  00 00 c3 ff a0 fe 00 00 
00 00 00 f3 32 fb 00 00  00 00 25 bf 38 bf 00 00 
00 01 31 ff c2 cf 0a 00  00 00 48 ff a3 ef 00 00 
00 00 14 fe ff ef 00 00  00 02 38 f6 20 ff 80 00 
00 00 e7 bf 9c 6d 00 00  00 00 e2 fd c3 f7 00 00 
00 02 0d ff f9 ff 00 00  00 00 0e e7 ab ff 00 00 
00 02 50 ff dd 7f 00 00  00 00 02 77 7b de 00 00 
00 10 00 6f 24 ef 01 00  00 00 c2 ee ba db 00 00 
00 00 80 bf 44 47 00 00  00 00 05 ff 93 df 00 00 
00 00 0a fd d9 af 00 00  00 00 5a ff 8a ef 00 00 
00 00 b4 ff 2d 7b 00 00  00 00 c7 ff 01 2e 02 00 
00 00 a5 f7 fb ff 40 00  00 00 09 fb 64 bc 00 00 
00 00 90 6f a2 bf 00 00  00 00 81 ff 03 cf 00 00 
00 00 30 ff 27 ff 80 00  00 00 c0 1d 33 f3 00 00 
00 04 8a f7 98 fd 00 00  00 00 11 fb 20 bd 00 00 
00 00 64 ef 23 f6 00 00  00 00 22 ff 11 bf 00 00 
00 00 41 7e b5 fa 00 00  00 08 4a ff 06 7d 00 00 
00 02 96 fd 21 c2 00 00  00 00 08 ff 6e e5 00 00 
00 00 ac a7 27 7f 00 00  00 00 90 ff 08 e7 00 10 
00 00 43 fd c6 7d 00 00  00 00 08 6f 42 d9 00 00 
00 00 20 bb ab ed 00 00  00 10 28 e7 68 ee 08 00 
00 00 8a df 4d 30 00 00  00 00 ce 9f fb de 00 00 
00 00 c4 d7 ba ff 00 00  00 00 76 ff 63 de 00 00 
00 00 4c bf 88 ef 00 20  00 00 4a fd a3 cf 80 00 
00 00 60 f4 27 ff 00 00  00 00 a1 77 a1 5f 00 00 
00 00 00 fd b3 fb 00 00  00 00 cc ff 0e ef 00 00 
00 00 02 bb 2c fb 00 00  00 00 06 f7 ec fb 00 00 
00 00 92 df 51 fb 00 00  00 08 44 ff 52 76 00 00 
00 00 13 ff 2d bf 00 00  00 00 27 7f c9 fb 00 00 
00 00 85 ff 2a 7f 00 00  00 00 22 cd 68 be 00 00 
00 00 00 ec 5d e2 00 00  00 00 02 cf b9 ce 10 00 
00 00 f0 ff 89 bf 20 00  00 00 00 ff 07 cb 00 00 
00 00 03 af 3d bb 00 00  00 00 30 d7 c5 79 00 00 
00 00 c9 dd 0e ff 40 00  00 40 48 ff e6 ff 20 00 
00 00 a0 ff 35 7d 00 00  00 00 b0 ff 8c fb 00 00 
00 00 44 cb c9 f7 00 00  00 00 35 ff a1 f9 00 00 
00 02 c8 fe a0 3f 00 00  00 00 81 ff 20 6d 00 00 
00 00 2c bd cb ff 00 00  00 00 64 ff 3c f0 10 00 
00 00 03 ef 4a fd 00 00  00 00 45 bf 00 6e 00 00 
00 40 03 fe 00 f7 00 00  00 00 40 ff 36 fd 00 01 
00 00 82 ef d0 ff 00 00  00 00 23 fd 26 f7 80 00 
00 08 3b ff ae fe 00 00  00 00 01 ff 64 db 00 00 
00 00 e1 ef ab 9f 00 00  00 00 89 bf 79 f7 00 00 
00 00 11 ef b6 9f 00 00  00 00 90 ef 05 f9 00 00 
00 00 86 e7 9f fe 80 00  00 00 2d ff 67 ff 80 00 
00 00 16 fd 4c b8 02 00  00 20 04 fb d1 fb 00 00 
00 00 83 dd 1a 5d 01 00  00 00 0c ff 05 ff 00 00 
00 00 2c ef 29 ff 00 00  00 00 60 fe 86 df 00 00 
00 00 00 ff 45 e5 00 00  00 00 b2 ff 1a dd 00 00 
00 00 a4 fd a3 7d 04 00  00 00 35 ff d9 cf 00 00 
00 00 46 ff cf ae 00 00  00 00 d0 df c0 bd 00 00 
00 00 24 fd b5 f7 00 00  00 00 00 ff 1a 63 20 00 
00 00 31 fb 0a fa 00 00  00 00 02 ff cb ff 00 00 
00 00 30 9d cc ff 00 00  00 00 55 e7 c6 fb 25 00 
00 00 90 bf 5a f7 00 00  00 00 52 b7 d7 7b 00 00 
00 00 04 ff 44 f9 00 00  00 00 1d e6 c6 ff 00 00 
00 08 88 ff a5 ff 00 00  00 00 00 ef c6 fe 40 00 
00 00 04 ff 03 bf 24 00  00 00 e1 d7 2f c9 00 00 
00 04 52 af 92 f5 00 00  00 00 62 f7 9b df 00 00 
00 00 c0 ff 2e f9 04 00  00 00 1b ff 30 f7 00 00 
00 00 38 bf b0 f3 02 00  00 00 41 56 71 7a 00 00 
00 00 2d ff 2d ff 00 00  00 01 a0 f7 ca e1 00 00 
00 00 39 7f b0 cb 00 00  00 00 88 7b 76 f5 00 00 
00 00 98 ff e2 c3 00 00  00 00 a9 bf 1e ff 00 00 
00 00 88 f6 7c f7 00 00  00 00 47 f7 bd fa 00 00 
00 00 08 fe dc fd 02 00  00 00 8d fe 5d e6 00 00 
00 00 19 fb 58 ff 00 00  00 00 00 fb a1 df 00 00 
00 00 34 ff 20 dc 80 00  00 00 11 dc 53 e6 90 00 
00 00 0b bf 16 ff 00 00  00 00 35 df 0a 97 08 00 
00 00 9a de c1 7e 00 00  00 00 53 ff 52 b7 10 00 
00 00 42 ef 9a ff 00 00  00 40 24 ff 5e 7e 00 00 
00 10 40 ff c7 db 00 00  00 00 07 7b 03 6d 00 00 
00 fb 02 fd 40 3a 20 08  00 fc 00 ed 12 ce 00 01 
00 1f 00 df 20 fb 50 00  00 5f 00 cf 00 ce 20 00 
00 ff 00 3e 00 aa 00 00  00 87 20 5d 88 f9 04 20 
00 97 00 1e 00 94 00 01  00 f5 00 b6 60 18 01 0c 
00 d7 04 1d 08 8d 01 0f  00 fe 00 55 00 5b 00 80 
00 ef 00 6f 18 0f 00 84  00 d6 00 59 a0 66 44 00 
00 ed 10 ad 00 b4 08 08  00 b3 00 28 01 ee 01 00 
04 d6 00 d3 06 19 00 00  00 ae 00 ad 00 9a 01 00 
00 3f 08 ed 22 e1 84 00  00 7b 00 f4 00 c7 00 00 
00 12 00 f2 12 8b 01 02  00 c1 00 ff 00 72 08 48 
01 23 40 df c0 75 00 10  00 df 04 f7 10 0c 08 00 
00 49 00 aa 08 7a 00 09  00 ef 00 ea 20 70 00 25 
00 d7 00 53 00 7c 00 80  00 db 82 3f 02 e2 00 00 
00 f6 00 33 01 dc 00 40  00 e2 10 fe 14 5f 02 20 
00 d3 00 bf 00 74 00 10  20 f9 04 f6 00 2b 00 00 
00 8b 00 ff 00 86 12 42  00 3f 00 77 01 bb 20 00 
08 6f 80 23 41 9b 00 10  00 1b 00 db 30 f1 00 00 
08 d1 03 77 10 a6 00 01  00 af 00 af 02 4d 04 01 
00 06 10 cd 11 53 00 82  00 fb 04 7f 00 42 00 2b 
00 9a 40 fb 05 09 00 03  00 fc 01 fe 20 99 10 02 
00 eb 00 c1 20 ed 40 10  00 ef 40 f5 00 1d 00 14 
00 e4 08 ef 80 7a 00 01  00 57 01 dd 20 d2 20 80 
00 cd 00 f5 04 83 18 a0  00 ff 00 79 b0 c5 70 80 
00 df 00 5e 80 ba 84 04  00 46 00 be 00 71 40 02 
00 1c 00 5e 90 87 00 a0  00 db 04 ac 20 5a a0 10 
00 9b 00 f9 48 c9 00 80  00 f5 00 8c 10 ff 01 08 
00 43 00 00 02 98 00 00  00 e1 00 26 a8 51 20 00 
00 47 00 8f 00 ea 12 00  00 1e 08 ef 00 16 00 10 
00 9a 00 3a 04 8e 00 00  00 48 80 be 08 bd 00 c0 
00 2b 00 dc 00 75 40 29  08 76 00 dd 00 a3 00 40 
00 04 0c 50 20 9d 00 11  00 59 00 da 00 96 00 40 
00 f9 09 fa 41 fd 00 20  00 be 00 46 00 cc 40 04 
00 df 90 c5 00 3f 00 02  00 f9 04 be 40 20 01 00 
00 7e 00 9b 01 02 50 08  00 b7 80 f8 03 97 80 01 
00 af 00 bd 00 c0 01 40  00 7f 80 ef 00 ad 00 04 
00 c2 00 a5 02 77 40 08  00 2c 02 6f 28 d2 40 20 
00 5c 80 29 00 a6 01 00  00 46 00 bf 00 53 20 14 
00 ff 00 de 00 47 28 10  00 2e 01 e9 30 3b 24 00 
00 f6 00 bd 01 e6 24 00  10 6a 00 f4 64 3f 00 50 
00 27 00 b6 01 86 08 10  00 2b 00 fe 00 be 08 20 
00 c7 00 36 00 38 00 10  00 4a 10 26 00 08 80 00 
00 df 00 f3 00 06 00 20  00 f8 08 e6 01 bb 02 20 
00 e9 00 86 30 26 00 08  00 b7 00 9d 00 37 20 02 
00 a6 00 a5 c6 94 41 02  00 35 40 5f 00 7b 50 04 
00 ec 00 bb 00 ed 95 20  00 1d 00 d4 40 40 00 00 
02 5f 10 f9 04 dd 08 05  00 e1 00 26 00 4e 10 00 
08 bb 00 4e 20 99 40 20  08 99 80 9a 80 cc 01 01 
00 9e 00 ee 00 ea 04 48  00 3b 90 9f 10 17 00 22 
00 fa 00 ff 06 a8 00 40  01 f4 00 f5 3c 29 00 08 
00 0f 40 63 80 be 00 04  00 d0 00 38 82 e1 04 40 
00 e6 00 3b 00 9a 00 00  00 9f 00 cf 02 eb 01 80 
00 db 00 f3 40 aa 12 c0  00 78 04 b9 41 66 00 20 
00 67 00 fb 00 9d 40 01  00 f1 00 db 00 68 20 04 
00 da 09 bf 06 7d 64 02  00 c6 80 9e 00 14 00 c0 
00 ff 40 cd 08 84 80 01  00 f7 00 63 02 7b 00 40 
00 43 00 8b 90 ce 00 08  00 36 10 b8 00 95 42 20 
00 fe 20 4b 13 1e 00 48  00 5a 00 ef 02 79 00 b0 
00 75 00 0f 04 d0 00 a0  00 5f 00 4d 00 2f 02 00 
00 7c 00 b7 00 4a 00 00  00 af 00 77 80 4b 02 51 
00 48 02 23 04 63 20 04  00 26 00 80 0a 47 2d 82 
00 9a 00 2d 01 e0 04 00  00 89 00 e6 00 dc a0 80 
00 f6 00 fa 00 5d 88 40  00 e2 80 ad 02 b4 20 00 
00 93 00 e7 08 5b 00 20  00 f5 02 03 00 07 00 00 
00 bb 00 d6 08 5b 00 01  00 f1 00 25 13 cb 00 00 
00 7a 00 df 61 5e 24 08  00 db 00 cd 10 d5 00 10 
00 8e 00 1d 00 54 42 00  00 e7 00 e1 08 15 02 0d 
00 3a 41 c7 00 b0 00 04  00 f0 11 dd 00 43 01 04 
00 c6 05 a3 00 15 a0 9c  00 8f 00 1a 04 b9 00 00 
00 d7 00 2b 0e 97 00 00  00 d6 00 55 0c 67 05 01 
80 d3 00 3f 00 49 00 40  00 7b 00 b7 40 4e 00 0d 
01 7f 00 e7 81 9f 02 12  00 a4 80 ce 40 29 00 08 
14 f7 00 2f 02 ea 22 00  00 f5 40 f3 20 57 00 51 
00 88 00 ef 40 91 00 96  00 5f 00 ee 00 2d 00 40 
00 7f 80 e8 08 00 88 08  00 5b 00 ff 00 d7 00 80 
00 e4 40 ea 00 3a 00 08  10 6d 80 fe 00 0b 08 20 
00 ae 40 69 40 76 08 00  00 e2 00 fd 00 69 05 08 
00 6d 00 09 00 55 08 00  00 de 00 f3 04 6a 10 20 
00 65 00 95 00 7e 02 00  00 a3 00 b7 00 5c 21 64 
00 77 00 ec 50 5e 00 00  10 bd 00 ed 00 32 00 00 
00 b7 00 48 00 55 00 00  00 2b 20 9d 00 1e 22 02 
00 91 00 b7 00 97 00 00  00 df 06 ba 40 07 00 09 
00 fc 00 db 40 1b 04 00  00 12 08 79 00 61 00 00 
00 7f c0 5f 81 23 02 80  00 d9 00 e9 28 96 00 00 
00 f5 04 f9 10 48 05 88  00 7a 00 ff 00 cc 00 90 
00 34 01 74 20 d9 82 08  00 f9 82 df 01 4c 20 08 
00 68 08 fe 10 d6 04 00  00 77 00 7a c0 57 20 50 
00 d5 00 e4 04 a1 21 01  00 7f 00 ff 00 d2 00 0a 
00 34 20 6c 12 a2 00 07  00 53 00 fe 01 28 28 88 
00 cf 28 1c 40 b9 20 08  00 fc 04 c3 00 a1 21 02 
00 cf 04 67 00 9e 82 48  00 ad 11 fd 00 fe 00 0a 
00 9c 00 9a 00 46 00 02  00 67 00 ce 02 70 00 08 
04 3f 00 bf 02 31 00 00  00 b7 08 2b 00 93 04 00 
00 a5 00 c5 00 4e 00 02  00 c3 04 58 00 2d 04 00 
00 e5 04 6a 02 cc 00 00  00 a6 08 b4 1e 47 00 40 
00 5a 00 7f 08 d6 01 00  00 66 01 a3 00 10 00 00 
00 e1 00 7f 00 a1 00 20  00 16 00 3f 00 77 20 80 
00 ff 00 a3 c0 b6 60 07  00 9e 20 69 00 69 40 1a 
00 27 00 ff 00 86 80 05  00 cb 00 f5 50 c9 00 01 
00 7e 00 72 00 7f 00 25  04 d3 40 e3 40 46 44 00 
00 f9 00 d7 00 6e 10 02  00 2f 01 b4 80 2b 04 00 
00 dd 00 57 21 72 00 00  41 ed 80 d4 c9 77 00 00 
00 98 00 91 00 03 30 44  00 3d 00 f1 00 19 00 00 
00 9f 01 0f 00 97 10 00  00 28 00 b7 10 1f 00 24 
00 fb 00 7a 01 bc 00 40  00 5b 0a b5 40 be 8a 5a 
00 ee 00 f5 50 09 14 20  00 be 00 2c 80 8b 01 04 
00 fc 80 eb 00 6c 65 10  00 57 08 3a 00 27 00 14 
00 ba 10 fe 10 d4 24 02  01 17 00 9c 40 eb c0 18 
00 80 00 bd 02 c0 40 00  00 46 01 f9 20 8c 80 c2 
00 de 00 5d 00 83 80 20  00 e8 00 ea 20 e8 00 00 
00 fb 00 42 00 09 00 01  00 d9 80 c3 14 ef 00 05 
00 50 00 7d 00 85 00 00  00 ed 00 4f 00 d9 01 00 
00 56 00 e9 01 3b 04 00  00 a5 00 af 00 fe 00 00 
00 f7 40 b7 44 83 40 40  00 22 04 d2 08 e1 42 40 
00 9d 00 f5 04 23 80 00  00 79 00 7b 80 d7 10 14 
00 77 02 7f 08 3e 40 1a  00 54 10 0d 21 58 00 00 
00 67 00 6e 00 fe 00 10  08 e9 40 e3 00 9b 80 20 
00 f7 80 ae 00 02 40 0c  00 f3 80 ce 00 79 80 04 
00 7b 04 6d 02 f9 02 82  00 ef 00 9f 00 99 02 80 
00 fb 00 af 00 77 10 00  00 37 00 52 00 f1 08 88 
00 ed 00 7f 00 25 22 00  00 fc 00 f1 00 84 40 02 
00 fc 00 eb 81 c9 00 10  04 63 00 7f 00 f0 41 41 
00 32 04 b9 80 7a 88 12  00 f4 08 a3 00 d1 00 08 
00 c3 00 bf 02 89 00 20  00 c9 00 9a 04 4e 00 00 
00 fc 00 62 00 9a 02 20  00 ff 40 ea 08 53 81 04 
00 fa 00 7a 08 38 00 10  00 fb 40 bf 80 3a 00 04 
00 85 01 6d 00 20 00 00  00 49 08 c1 01 e9 02 00 
00 3b 08 fb 04 51 00 24  00 5b 00 97 00 5c 01 00 
00 54 00 8d 00 8a 00 00  00 ff 0c ab 80 13 00 50 
04 ce 00 bf 20 b2 00 48  40 00 00 cc 08 af 04 46 
00 a7 20 b2 09 3e 1a 00  40 f7 00 fa 00 0e 02 81 
00 f8 10 ee 00 13 40 01  00 1c 02 f7 01 74 00 41 
00 1d 80 bf 40 bc 11 01  00 ce 00 bd 40 d4 00 08 
00 6b 50 ef 20 73 72 42  04 43 10 5d 00 8b 90 00 
04 fa 00 78 22 d8 00 07  00 1d 08 bd 00 bb 08 08 
00 68 02 f6 00 d6 c0 18  00 7f 08 8a 00 aa 01 04 
00 6f 00 b9 00 33 00 04  00 b5 00 d6 20 6e 00 04 
00 66 00 e0 00 97 06 40  00 d6 00 a7 00 97 10 12 
00 1f 00 db 00 53 02 08  00 97 00 ef 40 4c 01 00 
00 ef 00 fd 10 67 21 0b  00 75 40 35 31 e3 00 01 
00 fa 00 cb 08 44 14 02  00 a7 00 0b 04 99 00 84 
00 de 40 e4 00 f1 02 08  00 b8 00 fd 40 fe 00 00 
00 7a 00 f7 10 3e 00 00  00 cd 00 4d 90 a0 00 10 
00 a6 00 66 02 62 80 50  00 6c 00 95 43 dd 44 18 
00 22 28 fb 80 bc 01 00  00 9d 00 4d 00 55 00 01 
00 2b 00 d7 40 cc 00 11  00 af 04 98 00 cf 00 62 
00 2a 08 ff 00 d3 04 88  00 7b 40 79 00 85 00 44 
00 9f 01 fb 84 7c 00 a0  00 8f 01 e4 20 ee 04 08 
00 f1 00 6f 02 2f 00 34  00 75 00 3f 00 bf 00 00 
00 7e 10 ac 0d 89 00 00  00 9b 01 bb 04 c9 01 04 
00 d2 80 4f 98 43 00 00  00 ef 10 6e 01 38 10 40 
00 5f 00 6b 01 6b 05 04  00 5e 00 ed 42 6b 04 91 
00 be 40 ea 00 09 80 10  00 91 10 b5 80 d0 00 90 
00 53 00 2b 81 05 40 00  00 e7 00 e1 00 9c 00 80 
00 6f 50 d1 00 d9 04 e4  00 76 01 7f 00 9f 00 19 
40 b4 00 33 00 56 00 00  00 3a 00 38 04 b1 00 10 
20 53 00 bf 02 61 00 01  00 eb 00 fd 00 67 00 00 
00 bb 00 b9 00 02 02 52  00 38 01 be 00 01 40 0c 
00 3f 08 f4 00 de 16 00  80 1b 02 4c 01 cd 00 00 
00 59 00 a0 00 99 00 20  00 d7 00 9e 00 5c 00 04 
00 f5 00 f5 00 d8 82 51  00 1d 00 4c 00 1f 00 02 
00 bd 00 fa 81 f6 20 48  00 f8 00 7f 10 e4 00 04 
00 ce 02 bc 60 39 00 08  00 2f 00 9b 09 e7 10 00 
00 55 00 5f 0c 57 06 24  00 37 00 6e 06 07 28 cc 
00 e8 00 52 00 78 00 00  00 cc 10 ef 00 3f 00 08 
04 4f 02 d7 00 2e 00 20  00 dd 00 cf 00 da 40 31 
00 d5 00 8f 01 ab 50 80  00 fe 00 cc 00 87 a2 10 
00 2b 04 32 04 b5 84 48  00 fd 80 c2 00 3d 08 00 
10 f7 80 b4 08 d8 01 00  00 f2 46 fd 00 ca 08 14 
00 8b 00 dd 00 1f 00 08  00 f5 04 95 50 cf c4 09 
00 7f 10 6a 41 1f 01 20  00 1f 02 7d 80 7e 52 54 
00 c7 00 eb 00 c4 00 00  00 8f 00 89 0c ba 08 08 
00 7b 10 8f 00 53 20 68  00 a3 00 ab 00 0e 02 01 
00 94 40 31 04 99 06 10  00 76 00 59 00 9d 20 00 
00 7f 80 f2 02 6f 04 52  00 ff 00 b7 11 43 02 04 
00 6f 02 a2 00 51 30 12  00 2f 00 17 00 3b 40 00 
00 7b 00 7f 02 dc 00 00  00 db 10 fd 40 60 02 09 
00 ef 40 b2 00 92 61 04  00 bf 13 cf 00 ec 83 21 
00 85 00 ff 00 da 00 08  00 7a 00 f4 00 e8 00 02 
00 ee 00 ff 08 ba 10 60  00 bb 00 7b 00 c9 0b 00 
00 d7 02 b7 10 ff 08 80  00 db 00 7f 00 dc 04 11 
00 3a 00 ba 00 47 00 04  00 f6 00 46 04 31 00 00 
00 73 08 91 00 bf 00 20  00 16 02 ff 22 f2 00 00 
00 e6 00 fa 00 c2 00 20  00 73 00 2d 00 16 00 48 
00 eb 00 62 00 8e 20 02  00 ef 00 ad 00 bc 20 00 
00 bb 06 4a 00 d2 00 04  00 af 20 7d 32 83 00 81 
00 7c 84 2b 21 2c 01 00  80 64 00 b9 01 4c 01 20 
00 2d 00 42 00 40 00 24  00 c2 10 d8 80 39 00 00 
00 4a 00 f3 00 ab 00 01  00 dc 20 fe 08 6e 00 04 
00 92 00 b1 01 4f 88 28  00 a0 00 a9 31 cd 14 24 
00 ff 02 ed 72 34 00 39  40 cb 40 69 08 0e 00 42 
00 fe 00 b8 00 5c 00 40  00 17 00 77 00 58 00 28 
00 37 00 36 40 b8 04 82  00 5a 28 dd 00 91 00 00 
00 b9 40 19 00 e5 80 00  00 6f 00 6f 10 58 28 40 
00 98 00 4f 00 7c 00 03  00 49 00 ed 00 bc 88 40 
00 ef 00 32 00 10 20 40  00 d5 00 21 20 ec 02 60 
00 6b 80 05 00 48 22 20  00 56 10 78 00 c3 10 02 
00 38 00 5e 20 f5 01 00  80 ef 00 92 10 9e 00 02 
00 47 00 6a 00 b9 00 08  00 ec 04 7e a0 d9 04 0c 
00 dd 02 7f 00 8a 00 00  00 3d 00 e6 10 ef 02 48 
00 a7 00 b3 00 f5 00 00  00 c1 00 3e 14 21 40 00 
00 9e 08 43 00 bf 00 20  00 ac 00 ce 00 17 00 10 
00 47 00 c5 28 bd 00 00  00 b7 10 a7 02 0d 10 00 
40 75 95 bf 40 47 20 20  00 e5 00 ff 04 e7 20 40 
00 3e 02 a9 24 99 28 00  00 d3 00 ff 88 87 01 00 
00 b4 00 63 00 50 20 10  80 d7 02 79 03 29 20 00 
02 5e 00 0c 00 8d 00 01  00 63 00 cb 00 f5 00 02 
00 1f 00 60 00 36 00 20  00 bd 00 f1 40 21 02 50 
00 9c 00 ec 88 d3 80 00  00 53 00 73 00 cf 00 00 
00 cf 01 be 04 6e 81 10  00 eb 00 7f 24 69 00 60 
00 b9 00 e6 00 bb 00 1a  00 b1 c0 5f 00 04 60 00 
00 57 40 ad 20 23 00 81  00 89 00 bc 20 f9 84 00 
00 df 05 fa 40 cb 82 00  00 c9 00 84 11 ed 00 03 
00 ae 01 ad 06 17 90 80  00 d3 00 bf 90 94 00 00 
40 37 10 cb 10 b1 00 00  00 a3 00 fc 08 2a 98 a0 
00 ef 00 af 11 33 88 19  00 f9 02 fe 28 e6 12 01 
00 5f 00 1e 00 14 04 48  00 ec 00 37 04 ce 40 06 
00 bf 20 6d 20 e4 21 82  00 e9 00 99 00 e7 06 40 
00 c7 08 fd 80 14 20 00  00 eb 80 c7 28 b1 04 82 
00 ef 00 17 08 59 00 00  00 fe 00 df 00 0a 04 00 
00 1d 00 7c 00 ba 10 00  00 fa 24 d0 c0 94 00 11 
00 a7 00 52 80 49 80 00  00 bf 00 3f 00 0a 00 00 
00 3e 00 ff 00 57 08 40  00 3f 00 ce 00 c5 20 00 
00 a6 00 b2 00 a3 00 40  00 b3 00 29 00 d1 80 01 
00 d0 00 26 00 7b 00 12  00 7b 00 f3 50 d8 00 00 
00 ee 03 75 00 1d 00 00  00 93 00 de 20 72 40 40 
00 ab 40 9f 80 c7 00 20  00 f0 00 1d 50 12 00 00 
00 f3 00 dc 00 3c 34 80  00 37 02 4f 94 4f 00 90 
00 72 00 bc 00 d6 00 0c  00 f4 00 e6 01 65 00 23 
04 5f 00 86 0a 8d 09 00  00 3d 01 ad 02 33 11 81 
00 33 00 ff 00 4a 00 40  00 96 00 97 01 3f 00 08 
00 78 00 7e 00 06 12 06  00 da 00 c7 80 7c 91 00 
00 5f 00 af 01 0f 00 00  00 ef c0 df 0c 18 00 00 
00 50 02 97 00 4d 00 00  00 68 00 dc 00 19 00 04 
00 ef 02 3f 42 82 00 02  00 ff 00 fa 18 a3 42 00 
00 bb 10 2f 00 96 40 00  00 c6 08 1e 00 72 04 20 
00 3c 00 ce 81 a3 00 00  00 52 00 f8 01 bf 00 40 
01 d5 00 1b 0b 6d 80 02  00 57 00 b2 0c 56 00 14 
00 ff 20 1e a0 21 00 01  00 fb 00 f9 00 c3 00 81 
00 e4 20 e1 00 f4 40 80  00 d9 00 69 00 f5 40 00 
00 b7 10 b6 08 af 00 42  00 f8 03 7f 00 3b 00 01 
00 ff 00 5e 08 9d 00 84  00 1c 70 33 10 6a 00 40 
00 1e 80 e1 00 a7 08 20  00 e2 00 7f 00 67 00 00 
20 ad 10 59 00 75 00 12  00 dd 00 7d 10 8d 01 00 
00 54 00 d6 12 72 00 04  00 6b 00 3e 04 12 00 0e 
00 fc 00 e8 80 da 00 81  00 5e 00 24 00 7d 00 1b 
00 df 40 95 00 91 00 82  00 af 04 e2 00 62 60 01 
00 d1 00 b7 22 a7 04 03  00 9e 00 4b 00 7c 00 00 
00 3a 02 38 03 ff 18 18  00 de 00 ef 80 5c 05 10 
00 6a 00 cd 00 9e 00 00  00 1e 00 50 20 4b 04 12 
00 bb 00 77 02 4d 02 00  00 ff 00 b4 22 0f 00 00 
00 cf 00 8b 40 76 40 20  00 67 00 b6 40 6c 48 00 
80 a7 00 cb 02 97 02 20  00 e6 00 90 00 bd 02 00 
00 ae 08 d6 10 3c 04 00  00 7f 00 41 20 b5 00 00 
00 a7 00 6f 00 47 81 10  00 d9 04 f7 30 b1 04 80 
00 a9 00 6a 10 b8 40 02  00 5b 00 fd 24 a9 00 50 
00 2b 00 e0 14 b4 11 02  00 f4 00 b6 00 80 00 80 
a9 ff 8d 02 00 a9 07 8d  03 00 a9 38 8d 00 00 a9 
01 8d 01 00 a9 00 8d 01  00 a9 0c 8d 00 00 a9 01 
8d 01 00 a9 00 8d 01 00  a9 01 8d 00 00 a9 01 8d 
01 00 a9 00 8d 01 00 a9  06 8d 00 00 a9 01 8d 01 
00 a9 00 8d 01 00 a9 48  8d 00 00 a9 05 8d 01 00 
a9 04 8d 01 00 a9 49 8d  00 00 a9 05 8d 01 00 a9 
04 8d 01 00 4c 6c 80 00  a9 01 8d 01 00 a9 00 8d 
01 00 60 8d 00 00 a9 05  8d 01 00 a9 04 8d 01 00 
60 a2 ff ca d0 fd 60 a0  1e a2 ff ca d0 fd 88 d0 
f8 60 2f 6f 70 65 6e 63  61 73 63 61 64 65 2f 72 
65 73 6f 75 72 63 65 73  2f 44 72 61 77 52 65 73 
6f 75 72 63 65 73 00 58  44 47 5f 53 45 53 53 49 
00 40 02 ff 21 7e 00 00  00 81 14 ff 12 b6 00 00 
00 00 06 df 98 ff 00 00  00 00 a8 7f 5a 5e 00 00 
00 00 e3 ff 8a 8a 01 00  00 00 92 ea f2 f7 00 00 
00 00 02 bd ac 7f 80 00  00 00 00 ff 00 5f 04 01 
00 00 31 ef 84 d6 01 00  00 00 82 bf 76 7f 00 00 
00 00 b4 79 87 fa 00 00  00 00 36 df 90 f7 00 00 
00 00 44 b7 2f fb 01 00  00 00 20 7d 74 5d 00 00 
00 00 08 ff 50 df 00 00  00 00 80 ff 92 3f 00 00 
00 00 20 ff 0a a7 00 00  00 00 40 ef 4a af 00 00 
00 00 13 fb 0c 7f 00 00  00 00 f0 df 31 fe 44 00 
00 00 80 bf 12 ff 00 00  00 00 29 7f 54 7f 00 00 
00 00 80 7f e1 2f 40 00  00 02 cf e7 32 bf 04 00 
00 00 1a 9f a3 ee 40 00  00 00 30 ff 1e 1b 00 00 
00 00 60 ef f0 b7 04 00  00 00 d8 fb 43 ed 00 00 
00 00 90 db 30 ff 00 00  00 00 0d 3f a4 ef 00 00 
00 00 c6 fe 63 ff 00 00  00 00 74 df 26 4f 00 00 
00 00 58 3a 3a bc 20 00  00 00 80 6f 6c d2 00 00 
00 00 05 ee 85 e7 04 80  00 00 ec df 37 ff 80 00 
00 00 22 ff a1 ff 00 00  00 01 07 fc 74 ff 00 00 
00 00 42 bf ec ff 00 00  00 00 84 de 33 be 00 00 
00 00 56 ff 85 ff 08 00  00 08 44 ef 80 f5 01 00 
00 00 00 ff 8e d6 00 00  00 00 a2 ff 4a ff 10 00 
00 00 01 7f 8e bd 04 00  00 02 31 ff b8 fb 08 00 
00 00 98 ef 12 bd 00 00  00 00 64 fd a3 9f 00 00 
00 00 40 fd 69 9f 88 00  00 00 44 ff 57 fe 02 00 
00 00 88 ef ab fb 00 00  00 00 6a 77 42 bb 00 00 
00 00 a9 ff d9 ba 80 00  00 00 00 f2 74 bc 00 00 
00 04 00 ff c9 df 00 00  00 00 e7 ef 0c cf 00 00 
00 00 40 f2 09 bb 00 00  00 00 40 f4 38 67 01 00 
00 08 00 df e6 5b 00 00  00 00 83 ff bb 77 02 00 
00 00 29 6f 11 ff 00 00  00 00 b3 fd 1e fd 00 00 
00 00 8a ff 5d 1b 00 00  00 00 31 ce 13 85 00 00 
00 00 01 ef b7 df 00 00  00 00 4a ff 1e df 00 00 
00 02 18 73 10 bf 00 00  00 00 c6 df 01 7e 00 00 
00 00 94 ff de af 00 00  00 00 c0 ff 2c fe 00 00 
00 00 25 9f 28 cd 00 00  00 00 80 ff 15 db 04 00 
00 00 5d ff 39 ef 00 00  00 20 01 cf 81 ff 00 00 
00 00 ad fe 3e f7 c1 00  00 00 c3 ff 42 ff 00 00 
00 00 14 fc 1c 6f 00 00  00 08 82 fb 02 df 00 00 
00 00 2a ff 80 93 00 00  00 40 06 ef f7 f8 20 00 
00 00 02 ff 23 77 00 00  00 00 20 ff 71 fe 44 00 
00 00 90 df ee ff 01 00  00 00 a2 ff 2c ef 00 00 
00 00 25 dd e9 3f 00 00  00 00 38 bf af df 00 00 
00 00 04 ff e3 f7 01 00  00 00 0d fe 0f ff 00 00 
00 00 27 ff 91 db 00 00  00 00 66 db 7f ff 00 00 
00 00 81 ff b6 7e 00 00  00 00 10 f7 05 d7 00 00 
00 08 63 ff 58 fb 80 00  00 42 71 fc 1a fd 00 00 
00 00 09 7f 19 fd 00 00  00 00 01 7e 60 77 10 00 
00 01 a3 ff 66 ff 00 80  00 20 68 7f 14 fb 00 00 
00 02 4e df 23 fd 00 00  00 02 95 fd 0b ff 00 00 
00 00 90 15 d8 ff 00 00  00 00 91 fd 32 ef 04 00 
00 00 89 ff 58 fe 00 00  00 00 01 ef aa fe 00 00 
00 00 60 f9 f5 ff 02 00  00 00 69 fc 1b db 08 00 
00 00 42 ff 93 b7 00 00  00 00 26 d3 e8 bf 04 00 
00 00 40 fb 05 7f 00 00  00 00 94 ff d0 ef 00 10 
00 00 79 ff 8b ef 00 00  00 82 54 ef 84 fa 00 00 
00 00 19 3b 32 d7 00 00  00 00 c4 df c7 e6 00 08 
00 40 84 bf fe fb 40 00  00 00 6d fe f3 fe 00 00 
00 00 8e ff 50 bf 01 00  00 00 4c ef 23 bf 00 00 
00 00 40 ff 30 ef 00 00  00 00 20 7e 97 9f 00 00 
00 00 5c 7f 8d ef 00 00  00 00 75 bf cc 7f 00 00 
00 00 f9 ff b0 ff 00 00  00 00 01 fb 13 7f 80 00 
00 00 62 ff c1 fd 20 00  00 00 8a 7e 48 6e 00 00 
00 00 6a fb 05 b7 00 00  00 00 f3 ff 74 ef 00 00 
00 00 81 ff 88 e7 00 00  00 00 3a 7f 6d fd 00 00 
00 00 84 7f e4 7d 00 00  00 00 15 b5 1a ef 00 00 
00 00 93 ef 18 b0 00 00  00 00 16 f9 2a f6 00 00 
00 00 03 f6 13 ff 00 00  00 00 00 ff 08 ef 08 00 
00 c0 25 ff a3 ce 00 00  00 00 94 bf 7c d7 00 00 
00 00 c6 cb 19 ff 00 00  00 00 89 ff 21 f7 00 00 
00 00 30 dd 2f f7 11 00  00 40 5c af 2a 6f 00 00 
00 00 12 ff b0 eb 00 00  00 00 86 ff 8a ef 02 00 
00 00 48 ff 10 ed 00 00  00 00 22 bf ae f5 00 00 
00 00 4a fe 14 fb 00 02  00 00 e6 fc 95 da 40 00 
00 00 32 3e 4d ff 00 00  00 00 0a ff f4 a9 40 00 
00 09 89 ff 1a ef 00 00  00 00 06 ef 00 ff 00 00 
00 00 01 3f 17 ed 00 00  00 00 80 7f bc 59 00 00 
00 00 b2 ee 20 fe 00 00  00 00 6f ef 4e fd 00 00 
00 00 98 df 78 fe 00 00  00 00 d3 ff b8 ff 00 00 
00 00 00 7f c5 77 00 00  00 00 32 ff 5e 3f 04 00 
00 00 15 df 93 8b 00 00  00 00 42 6b 45 d3 00 00 
00 00 9a fa 99 ff 00 00  00 40 81 bb bd ed 10 00 
00 10 cb ee 7c fb 00 00  00 01 4c ff 2f b2 00 00 
00 00 41 ff 8c ef 01 00  00 00 08 df 6c 7f 00 00 
00 00 32 bf 77 ff 00 00  00 00 82 fb 94 fd 00 00 
00 00 d2 fb e3 ef 20 00  00 00 bf fb f2 76 10 00 
00 10 55 fe 05 e9 00 00  00 00 48 ac 4c ff 00 00 
00 00 84 ff d6 f3 00 00  00 00 50 ff c3 fb 00 00 
00 00 90 ff 00 5e 04 00  00 00 29 ff 7f bb 00 00 
00 00 1c ff 7e f3 00 00  00 00 28 2b 0c 3f 80 00 
00 00 2a ef 7b fd 00 00  00 00 80 bf d1 62 00 00 
00 00 81 4f 42 6f 00 00  00 00 04 77 9e fa 00 00 
00 00 40 ff fb bb 20 00  00 00 1a ad 3b f5 08 00 
00 00 4a fb 98 ef 00 00  00 00 4c ff 10 fe 20 00 
00 00 21 fa c3 bd 00 00  00 02 88 ff c5 fb 40 00 
00 00 f4 cf 55 ed 00 00  00 00 80 ff fc 5f 00 00 
00 00 00 be 0a f2 00 00  00 00 20 ff 72 f6 00 00 
00 00 55 ff a3 eb 00 00  00 00 03 ff 29 f8 00 00 
00 00 17 ff 51 77 00 00  00 00 b0 ff b0 a6 00 00 
00 20 3c 3f 0a ef 00 00  00 00 fb 7f 80 ff 00 00 
00 00 09 ff 51 2e 00 00  00 00 06 ff d9 cf 00 00 
00 00 c8 fd cd fb 00 00  00 00 08 ef 1c f2 02 00 
00 00 09 df d8 5e 00 00  00 00 c0 7b a3 ff 20 00 
00 00 08 ff b6 fe 70 00  00 04 49 be 8b 7d 00 00 
00 00 19 ef ce fd 00 00  00 00 d8 ff 31 3f 00 00 
00 00 00 f7 2b c7 00 00  00 00 05 ff 91 ab 00 00 
00 00 9c fe 21 dd 02 00  00 00 08 7f 00 3f 04 00 
00 00 73 ff b7 cf 00 00  00 00 80 ad 33 7e 00 00 
00 00 21 ff 7a ff 00 00  00 08 41 ee 43 ee 00 00 
00 00 10 ff 96 7e 10 00  00 00 1e 7f 0f ef 00 00 
00 00 0d bf 89 a9 01 00  00 00 90 ff f7 fe 80 00 
00 00 09 ff 97 fe 00 00  00 00 94 df 0b ff 00 00 
00 00 90 ff 09 ff 00 00  00 00 81 ff 25 ff 00 00 
00 00 c1 cf 04 fd 00 00  00 00 20 ef 50 7f 04 00 
00 00 00 f7 11 9b 00 00  00 00 a0 ff 5e 1f 00 00 
00 08 16 ff 04 9e 00 00  00 00 20 ff 6c 5a 02 00 
00 00 a8 ff 38 6f 10 00  00 00 21 df 4c fd 00 00 
00 00 63 ff 1a de 10 00  00 00 39 8e 57 f9 00 00 
00 00 10 d7 33 6d 00 00  00 20 83 9f e8 6c 00 00 
00 00 84 7b 55 ff 00 00  00 00 01 fe 94 df 00 00 
00 04 00 7f 02 fb 00 00  00 00 4a fd 78 ff 00 00 
00 00 68 fe 29 7f 00 00  00 10 5a fb 36 7f 80 00 
00 80 ca ff c2 87 20 00  00 04 39 ff 02 f3 04 00 
00 00 0c ff 26 ed 00 00  00 00 54 7f 8b fe 00 00 
00 00 2b fd ec f8 04 00  00 00 02 df 97 1e 00 00 
00 00 40 bf 4e cb 80 00  00 00 8f ff 4a f7 00 00 
00 00 c0 d7 03 7f 00 00  00 00 89 ff 81 5f 00 00 
00 00 23 bf f0 75 00 00  00 00 68 e7 62 3e 00 00 
00 20 24 ef ee 7d 10 00  00 00 80 ff 58 de 00 00 
00 00 8a bf 44 de 40 00  00 40 12 ff 4c b5 00 00 
00 00 0b ff a7 7f 00 00  00 08 25 df 83 78 02 00 
00 00 16 ff 24 f6 00 00  00 00 01 ff 9a df 04 20 
00 04 52 7e 85 3f 12 00  00 00 18 ff c5 fd 00 00 
00 00 82 ff 93 ff 00 00  00 00 c0 fe 3b 7f 00 00 
00 00 45 bf 15 f7 00 00  00 08 f4 f7 5f 3b 00 00 
00 00 0a ff ea 7e 00 00  00 00 12 ff 07 f9 00 00 
00 00 41 ff 0f d6 20 00  00 00 0a ff 58 bd 00 00 
00 00 86 ff c6 7d 00 00  00 00 62 ff 8d ff 00 00 
00 00 20 ff 8a fb 00 00  00 20 42 7f 24 3c 00 00 
00 00 76 ff 51 be 01 00  00 00 94 f7 eb ed 00 00 
00 00 62 ff 28 ff 00 00  00 00 80 ff 9f b5 00 00 
00 00 26 ff 31 a7 00 00  00 00 50 ff 06 d6 00 00 
00 80 81 ff 7d dd 61 00  00 00 02 fb 66 ff 04 00 
00 00 09 ff 00 3d 00 00  00 00 90 ff 2b 9f 00 00 
00 00 09 ff 42 bb 40 00  00 00 28 ef f3 fa 01 00 
00 00 66 ff 6f f7 00 00  00 00 3d fa ee cb 00 00 
00 00 0d ff 3e ff 00 00  00 10 56 ff 1c 7f 00 00 
00 00 58 b7 60 d3 00 00  00 08 25 3f 2c 98 01 00 
00 40 20 de 2b fb 00 00  00 00 97 ff 81 bb 00 00 
00 01 28 f7 14 66 00 00  00 00 8a ff 7c b5 00 00 
00 00 47 df b1 bf 00 00  00 00 1c ff 91 b7 00 00 
00 00 84 ff 86 77 80 00  00 00 0b ff 05 fe 23 00 
00 00 23 f3 25 df 04 00  00 00 00 ff 0d 5b 04 00 
00 00 10 7d 66 ff 40 00  00 00 99 ef 1e ff 08 00 
00 00 81 bf 1c fe 00 00  00 00 68 7f 95 f8 00 00 
00 00 00 57 2d de 00 00  00 00 80 ff 8e e6 00 00 
00 00 0f ff 39 bf 01 00  00 00 a1 ff 13 f3 00 00 
00 00 02 7f 77 ff 00 00  00 00 02 ff 2d e7 00 00 
00 00 c7 fb 80 bf 00 00  00 00 aa fb 5f fc 00 00 
00 00 a4 59 29 fb 00 00  00 00 6e be c6 f7 00 00 
00 00 20 ff 0e f5 02 00  00 01 14 df c6 ff 00 00 
00 00 0c b9 1a 9f 10 00  00 00 b7 2d 9b 7d 00 00 
00 00 9b f5 b5 6f 00 00  00 06 02 7d bf fd 00 00 
00 00 8d db a0 db 00 00  00 00 41 bf e9 c9 00 00 
00 02 6a df 1f 7f 00 00  00 00 10 ff 2a fa 00 00 
00 00 d8 ff 90 df 00 00  00 00 38 ff 12 ea 00 00 
00 00 80 f7 f3 ff 00 00  00 00 21 ff 47 75 00 00 
00 00 20 ff 44 7f 20 00  00 00 3a ff 9a f8 00 00 
00 00 84 ff 15 55 00 00  00 00 08 ef c3 8f 04 00 
00 00 c6 fd 5f ff 00 00  00 00 bd df 04 df 00 00 
00 80 01 ff 05 7e 00 00  00 00 3c fe 08 ef 00 00 
00 00 82 ef da fa 00 00  00 00 6e c3 13 ef 00 00 
00 02 30 f7 69 9a 00 00  00 00 ab ff 09 cf 00 00 
00 00 0c df 61 dc 00 00  00 00 80 fe a2 bf 00 00 
00 00 99 ff 26 bd 00 00  00 00 14 cf 25 37 00 00 
00 00 4c bb 17 ef 00 00  00 00 ae ff 4b fb 01 00 
00 00 47 ff 41 d7 00 00  00 80 14 bc b3 ee 00 00 
00 00 20 fd 28 ff 40 00  00 10 48 a7 bc fd 00 00 
00 00 ed b6 30 fd 00 00  00 00 02 fe 0d de 08 00 
00 00 08 f7 49 ef 00 00  00 00 82 fb 57 f8 00 00 
00 00 40 7e 62 ef 00 00  00 00 56 3f 3a e7 01 00 
00 00 03 9f 55 f5 4a 00  00 00 87 ff 07 de 00 00 
00 04 57 ff bb fb 00 00  00 00 d4 ff 0a a7 00 00 
00 00 00 ef 05 ef 00 00  00 40 02 fd 30 f7 00 00 
00 00 4b 69 b9 c7 00 00  00 00 68 9f 29 b3 00 00 
00 00 40 3f 69 ff 00 00  00 00 5f e3 40 af 00 00 
00 40 55 f6 08 de 00 00  00 00 63 f7 36 ff 00 00 
00 00 8b f7 b1 7f 00 00  00 20 95 ff 08 f5 10 00 
00 20 c1 7f 02 ff 00 00  00 00 02 ff 81 e9 00 00 
00 10 00 6f ae 3f 00 00  00 08 0a cf 55 9f 80 00 
00 00 02 ff 7d ed 00 00  00 00 61 fb e3 fc 00 00 
00 00 81 fb 63 fb 00 00  00 00 2a de b0 ff 00 00 
00 01 57 7f d1 df 02 00  00 00 3d ff 81 7f 00 00 
00 00 31 fe 04 fd 04 00  00 00 d1 ff 4c 3b 00 00 
00 00 10 bf f1 ef 00 00  00 00 01 ff 01 fb 00 00 
00 00 a0 ff b5 bf 00 00  00 00 80 f7 10 c9 10 00 
00 00 12 fd 8f fe 08 00  00 00 63 fe c6 77 00 00 
00 00 03 7f 70 fe 00 00  00 00 33 ff ce fb 00 00 
00 00 e5 ff 0b e5 00 00  00 00 10 ff 1a ff 82 00 
00 00 02 fe e7 ff 00 00  00 00 18 7f fd f3 00 00 
00 00 20 77 8c f6 00 00  00 00 4d ff 9c b3 00 00 
00 00 ad e7 71 de 00 00  00 00 06 be e5 7d 04 00 
00 02 6e 7b 6a ff 00 00  00 08 2e bf 49 ee 00 00 
00 00 12 7b 70 ff 20 00  00 42 23 ff 04 fe 00 00 
00 00 20 ef 85 fe 00 00  00 00 05 df 92 df 00 00 
00 00 01 bf c2 fe 00 00  00 08 c8 fe 27 73 00 00 
00 00 b3 ae c3 7f 02 00  00 00 38 f9 80 dd 00 00 
00 00 0a fe 23 cb 00 00  00 00 0b ee 10 c7 00 00 
00 00 12 ff 5b 7d 00 00  00 00 c0 f7 31 ff 04 00 
00 00 04 2f 70 bf 00 00  00 00 1a f7 b4 ce 04 00 
00 00 03 bf af ff 00 00  00 00 20 ff 18 ff 00 00 
00 00 00 f7 d7 51 00 00  00 00 e0 f7 ac ef 00 00 
00 10 9b 9f 51 2e 00 00  00 00 46 e7 2d b3 00 00 
00 00 8d de 11 ff 00 00  00 00 04 ff 08 ff 08 00 
00 00 20 ff b2 ff 05 00  00 00 32 ee 28 fd 80 00 
00 03 20 ef a2 7e 00 00  00 00 88 bf 68 8f 00 00 
00 00 2d fb b5 df 00 00  00 20 00 2f 27 7f 80 00 
00 00 b2 3f 9d ff 00 00  00 00 33 ff 4d fd 04 00 
00 00 5d f7 d1 7a 00 00  00 02 90 ff 24 7b 00 00 
00 00 e1 f7 0f f9 00 00  00 00 3c ff 99 f7 00 00 
00 00 86 ff 8e 37 00 00  00 00 61 f3 05 7b 08 00 
00 00 88 fb 0d ef 00 00  00 00 10 7f eb ff 08 00 
00 00 45 ff bb 6d 82 40  00 10 b4 ff 99 ff 00 00 
00 00 4d bb 02 b7 c0 00  00 00 28 7f 24 ff 00 00 
00 08 54 9f 34 6d 00 00  00 00 a9 fe b5 d7 00 00 
00 10 90 fe d9 ef 00 00  00 00 19 be 2b ff 00 00 
00 04 00 7e 51 ff 20 00  00 00 10 bf 3d 77 00 00 
00 00 96 bf 25 9e 00 00  00 40 64 ff d0 fd 00 00 
00 00 64 be 6c dd 20 00  00 00 99 f7 2f ff 00 00 
00 00 16 bb de d6 04 00  00 00 49 7f 98 8f 04 00 
00 00 00 f7 b1 ff 00 00  00 00 d9 ee 19 ab 00 00 
00 00 0c ff 50 ad 20 00  00 00 0a b7 43 df 00 00 
00 00 01 7b b1 9e 00 00  00 00 82 ff b6 e7 01 00 
00 00 60 ee 99 75 00 00  00 00 c4 fe 04 ff 00 00 
00 00 a9 df 64 ff 10 00  00 08 08 6f 80 da 28 00 
00 00 6a c5 0a eb 00 00  00 00 0a ff 7d ff 20 00 
00 00 c0 fd 1b 7d 00 00  00 00 74 fd 1c bb 00 00 
00 08 42 ff 1e e3 00 00  00 01 04 fd 2f bf 00 00 
00 40 28 ff 06 f7 00 00  00 21 26 f7 e0 ff 00 40 
00 00 8c be e1 fb 00 00  00 00 1a f3 39 fb 00 00 
00 00 0a f7 8a f9 04 00  00 00 0c cf b2 4d 80 00 
00 00 18 ff 63 dd 00 04  00 00 19 7b 83 f7 00 00 
00 00 11 67 a0 2b 20 00  00 00 35 ff 20 37 00 00 
00 00 16 ff 84 5b 00 00  00 80 49 7f a3 d7 80 00 
00 ff 04 ff 00 cb 00 83  00 ff 00 dc 04 e3 88 00 
00 f1 10 77 80 8b 10 08  00 d3 01 db 19 e2 04 01 
00 fa 08 e4 00 58 40 04  00 ec 82 b9 80 a5 00 b2 
00 99 40 47 00 7f 00 14  00 f2 00 e9 20 4c 74 08 
00 ef 00 b7 00 7f 01 04  00 bc 20 6e 01 01 10 40 
40 3e 00 ea 00 b7 00 80  20 fe 40 9f 00 c0 20 14 
00 6c 00 59 00 16 4e 40  00 7e 80 ff 00 28 01 c8 
00 c3 08 3b 00 d4 18 00  10 ff 00 f3 00 c3 00 10 
00 e0 02 b8 01 3d 08 08  00 b0 00 f7 00 84 02 00 
00 d9 04 ff 00 0d 00 08  00 3b 00 a8 30 5d 06 09 
00 5f 00 2f 40 60 20 0c  00 3f 00 eb 00 ad 21 44 
00 c4 00 3a 00 04 60 08  00 7e 20 8f 01 77 00 12 
00 29 00 7e 00 76 80 10  00 d6 00 2c 00 f3 00 40 
08 0e 00 53 00 aa a6 00  00 c0 08 7c 8a cc 00 88 
00 3f 00 18 00 83 00 00  00 9b 00 5c c0 3d 00 00 
00 9c 00 fe 02 22 00 08  00 cb 00 94 90 cc 00 22 
00 e2 04 9b 22 73 01 83  00 de 10 df 00 cf 02 44 
00 2f 40 5e 00 f2 00 b0  00 ce 00 fb 80 1e 00 00 
00 9f 40 fb 02 f5 00 40  00 c1 c0 39 00 09 01 00 
00 cc 00 5c 08 fd 00 02  00 83 00 c0 02 79 00 01 
00 a4 d0 d6 00 bd 03 40  00 5b 00 f9 00 d0 00 00 
00 6b 00 6c 00 90 00 02  20 dd 00 4a 32 93 00 40 
00 fc 00 88 00 63 02 00  00 7b 20 01 10 b5 00 80 
00 c7 00 7a 04 8a 80 08  00 a5 04 7f 20 78 40 80 
00 7f 00 cc 04 cb 10 00  00 fd 00 6e 01 2f 00 90 
00 6b 00 ff 00 85 04 60  00 e4 20 6b 00 4b 01 00 
00 74 00 ee 21 aa 00 a1  00 df 00 a4 84 c0 00 00 
00 0a 00 ab 14 b7 04 10  00 de 10 e0 00 87 00 04 
00 99 00 1d 00 67 00 18  00 9d 00 eb 02 5f 10 06 
00 9d 00 63 80 55 11 04  00 f3 00 fe 10 f4 00 1c 
00 74 03 d3 05 0f 60 07  00 a6 40 67 00 b0 90 04 
00 dc 00 d5 00 ca 20 04  00 7d 80 d9 01 61 08 00 
00 74 40 9d 00 17 00 00  00 af 00 5f 00 b8 00 00 
00 07 00 fb 02 64 00 01  00 bd 00 6f 04 4a 10 20 
00 fe 00 60 08 74 00 00  00 cd 01 e8 40 ae 00 a1 
00 c8 00 da 10 d9 00 08  00 3c 00 db 00 81 01 83 
00 b6 00 fe 00 a1 00 20  08 97 00 4f 00 df 00 a1 
00 66 02 bf 00 ec 00 08  00 28 00 7f 02 3a 61 00 
00 ea 10 2c 00 1d 01 08  00 19 00 b5 00 1c 00 02 
00 1f 40 e5 10 b9 08 00  00 7e 00 f3 04 46 49 00 
00 b6 10 e6 08 77 13 00  00 60 00 e7 00 11 00 20 
00 ba 00 bd 00 73 00 19  00 dc 00 af 40 e3 22 02 
00 e9 00 d3 41 ff 00 00  04 db 00 ea 00 8d 00 0a 
00 8b 00 1f 00 dc 00 38  10 ec 80 2f 10 68 09 02 
00 18 00 05 00 2f 80 04  00 2b 00 eb 00 30 60 00 
00 af 00 92 00 df 02 30  00 fd 00 5e 00 a1 10 40 
00 7d 00 4b 00 0f 00 44  00 6e 00 fd 02 06 10 00 
00 5d 04 bd 40 41 50 00  00 73 00 de 00 d7 00 88 
00 ff 08 df 01 ff 00 42  00 ff 00 fc 00 d5 a4 a0 
00 bb 00 df 00 ad 40 00  80 99 00 7c 00 c7 20 80 
00 bd 00 de 00 47 08 01  00 a5 00 55 41 56 00 02 
00 7f 00 fb 08 ad 00 10  00 5c 00 f9 00 70 00 0c 
00 4e 01 22 00 0d 00 46  00 65 00 bf 00 f9 08 09 
00 6d 00 ef 00 aa 00 02  00 17 00 6d 09 b2 00 02 
00 ee 81 c9 02 df 00 02  00 db 00 df 00 a5 08 14 
00 9d 00 1a 00 ef 00 00  00 5e 00 6e 00 3f 20 82 
00 8d 40 ea 00 07 02 40  00 ff 00 b5 48 2c 00 23 
00 0f 40 68 00 c3 c1 80  00 db 20 f7 16 eb 48 80 
00 1f 51 9e 00 6a 1c 00  00 7a 00 70 00 3d 0c 88 
00 d9 00 60 04 e9 00 00  00 5a 00 7d 00 a6 06 80 
00 5c 00 11 00 df 00 41  00 f2 20 a2 c0 48 04 00 
00 d7 04 e9 00 b9 00 00  00 d3 00 e5 26 8f 41 40 
00 e5 00 fc 00 ab 00 01  00 52 00 ef 40 14 00 00 
00 7b 20 7f 00 84 00 82  00 51 00 cb 00 2e 48 07 
00 cf 04 dd 12 f6 01 00  00 e7 00 6f 00 ef 00 15 
00 5d 00 65 81 57 20 4a  00 ad 08 ff 00 07 00 00 
00 fe 10 b8 00 9c 02 0c  00 2b 00 9f 00 34 80 50 
00 ff 00 a1 00 31 00 10  00 93 00 37 00 52 41 2c 
00 3f 48 cf 00 9e 80 80  00 9f 08 92 40 b0 00 62 
00 df 00 6d 80 3f 08 00  00 c3 00 a7 04 ae 40 8a 
00 d9 00 c9 40 c1 08 22  00 db 08 be 01 de 00 04 
00 c8 00 7b 01 c9 01 04  00 d5 c0 df 41 18 02 04 
00 db 00 df 90 16 04 00  00 9b 20 15 00 02 00 00 
40 65 00 cf 00 bb 10 c4  00 34 00 9d 11 6e 80 84 
00 a4 00 2e 00 8a 00 c2  00 be 00 75 00 35 05 c0 
80 fe 00 bd 80 d9 00 1a  00 0e 90 71 22 9c 00 01 
00 79 00 32 11 17 00 8c  00 1f 10 ba 60 e9 09 00 
00 3e 01 e7 20 36 00 00  00 5d 00 fd 41 2e 20 04 
02 29 00 5b 00 e3 08 88  00 6d 00 df 00 1c 20 40 
04 b4 00 bd 00 c4 41 00  00 a7 09 bc 00 16 20 80 
00 d5 40 39 58 6e 00 40  40 6a 20 fb 01 48 04 08 
00 dd 02 df 00 33 02 01  00 ff 12 fb 00 73 10 30 
00 f9 02 13 40 59 00 a4  00 f4 00 7f 01 97 10 40 
00 fc 00 bb 1a 05 00 c4  00 eb 00 bf 06 db 04 40 
00 55 04 6f 00 c2 00 04  00 6e 80 d9 00 74 00 08 
00 67 04 69 28 51 01 40  00 56 00 db 11 f8 24 a4 
00 e6 00 fc 80 cf 02 14  00 c0 00 da 40 f8 0e 08 
00 1f 04 dd 02 1e 02 10  00 36 10 57 00 00 80 04 
00 00 00 76 00 4e 10 0c  00 af 80 11 00 d8 00 40 
00 df 00 fd 40 e8 10 0c  00 b5 01 fd 04 6c 81 01 
00 da 00 9f 00 9d 48 00  00 36 00 67 00 5b 00 00 
00 3f 02 ef 08 94 00 a1  00 a3 40 a3 00 18 08 14 
00 bf 00 a1 00 9f 00 00  00 fe 00 e1 00 18 00 00 
00 f9 00 33 00 76 00 00  00 6d 04 f1 00 ca 80 00 
00 87 00 6f 11 93 00 2c  00 d4 00 ec 40 5e 10 14 
00 6d 02 1f 00 5a 10 88  00 a7 00 fb 90 ad 08 20 
00 fb 00 ff 80 b7 00 20  00 dd 00 f7 00 dd 00 00 
00 3d 00 fd 00 5d 40 00  00 3e 00 e7 20 90 40 00 
00 da 20 f4 88 33 00 03  00 f9 00 ad 60 79 08 23 
00 df 08 fb 04 7b 10 84  00 6f 40 37 d0 4e 00 88 
00 ea 00 0b 18 37 02 05  00 f9 00 ba 00 a2 20 08 
00 e0 80 7c 04 c3 83 04  00 7d 00 f7 00 a7 00 48 
80 95 80 3f 00 99 10 08  00 f3 00 fd 00 69 00 20 
00 b7 00 17 00 ef 00 00  08 dc 00 bf 20 79 40 03 
00 b4 00 7c 00 3a 00 01  00 3b 00 ae 08 7a 20 00 
00 96 00 bd 04 e7 00 a0  40 bf 00 dd 90 ea 48 00 
00 c7 20 d3 04 63 00 98  00 da 80 ff 00 37 00 00 
00 bf 00 bf 08 4a 00 b0  00 59 20 d1 00 ff 8c 08 
02 fe 40 dd 01 f3 00 00  00 9b 00 7f 00 31 60 80 
00 37 08 d9 01 47 00 20  00 13 00 fb 11 b0 40 40 
00 ea 60 5c 00 d4 00 08  00 f5 00 29 00 0c 02 a0 
00 b0 00 ff 00 d2 00 20  00 ed 80 6a 00 de 01 00 
20 bf 00 7c 01 ef 22 03  00 f3 80 3f 04 d0 00 04 
00 d2 00 ef 10 f9 02 04  01 e9 00 ff 00 c1 01 00 
00 eb 00 b7 80 77 21 18  00 dd 00 b7 01 29 00 02 
00 9e 00 a3 01 c2 00 40  00 75 00 7f 00 ca 01 00 
00 3c 18 59 01 89 04 80  00 bd 00 ef 00 26 00 02 
00 e9 05 77 00 d4 01 49  02 29 00 07 00 e6 80 64 
20 5f 04 7b 30 6d 40 a0  00 0c 00 75 00 2f 0c 12 
00 30 00 c1 00 84 20 82  20 2d 00 be 00 d9 00 00 
00 fd 30 be 01 f5 00 00  00 37 04 c9 04 fd 00 54 
00 6a 00 24 00 ae 00 40  00 ac 00 8e 00 0b 42 10 
40 94 00 e2 80 ee 40 00  00 e1 00 e8 01 2d 04 a2 
00 d3 00 8a 00 f8 40 42  00 01 01 f8 00 56 00 00 
00 eb 00 fd 00 65 40 90  40 fc 00 15 80 6b 00 10 
00 ad 20 77 00 cf 42 09  00 7b 00 4c 00 eb 00 50 
00 0f 00 3d 00 13 08 40  00 f0 00 a7 30 61 08 00 
00 9e 02 43 40 e7 01 00  00 b5 00 af 02 62 08 1a 
00 93 00 2f 00 70 00 03  00 3f 00 ef 02 9b 00 00 
00 b7 30 be 00 38 80 01  00 ff 00 8b 09 e7 00 84 
00 c5 08 bc 04 7b 00 01  00 bf 00 77 88 3a 00 14 
00 3c 00 f6 00 5a 00 31  00 bf 00 b1 20 4f 00 05 
00 85 50 95 00 00 25 80  00 b4 00 f8 00 16 00 10 
00 3d 12 fe 08 4b 00 00  00 81 00 f9 00 c6 40 20 
00 cb 20 6c 04 1b 00 01  00 cc 00 d5 00 04 10 02 
00 ad 00 61 00 cf 90 00  80 7b 00 fc 00 3c 01 8a 
00 b3 00 4d 01 0b 00 28  00 f7 01 cf 46 cf 00 10 
00 5a 30 bf 20 9e 18 09  00 7e 00 3e 40 31 01 30 
00 3f 00 59 00 fe 00 01  00 e5 00 f6 21 21 20 00 
00 91 00 4b 00 0a 00 00  00 d5 00 57 0c 1e 5c 04 
00 37 00 ff 00 58 01 00  00 57 00 47 24 92 00 24 
00 c7 00 6e 02 d1 00 40  00 77 10 fd 00 0f 18 e0 
00 ef 00 bd 00 d7 0a 20  00 fd 00 ff 08 a4 01 01 
00 5d 00 eb 00 67 04 80  00 7b 00 ee 00 7d 40 01 
00 ef 00 d5 04 1e 40 10  00 9a 00 3f 00 a0 88 c0 
00 fd 00 6d 00 30 08 21  00 df 80 53 81 dc 02 a0 
00 a5 20 a9 10 be 00 02  00 df 00 77 28 aa 0a 00 
00 07 00 bd 40 05 20 91  00 ef 00 ba 20 b8 01 40 
20 ff 00 5c 00 0f 00 c4  00 f5 00 63 20 31 02 03 
00 2c 00 6a 10 07 00 40  00 c3 00 cf a9 b9 00 00 
00 eb 40 c2 08 9c 00 d4  00 d7 00 31 00 03 02 0a 
00 7f 01 fa 40 26 0c 03  00 b7 00 60 02 7a 00 83 
00 d4 00 f8 01 06 14 02  00 a2 20 fe 50 d1 00 60 
00 5b 00 c7 00 5e 00 80  00 9f 10 fd 20 18 02 00 
00 b9 00 f7 02 07 00 20  00 fb 00 5c 08 0e 00 00 
00 26 00 f6 00 74 10 04  00 bb 40 b7 a0 2d 00 09 
00 3a 00 3d 00 75 00 80  00 f5 00 ee 00 fc 00 60 
00 bb 00 ad 80 d9 42 00  00 fd 00 dd 10 f2 20 88 
00 be 04 75 80 8a 00 a0  00 c7 00 a2 08 d2 00 02 
00 b8 40 ed 98 12 08 42  00 7b 00 9b 81 0f 00 10 
00 79 00 55 22 e2 02 0a  00 5f 20 1f 00 72 00 d0 
00 83 00 e3 08 8f 04 00  00 c9 00 6f 20 94 88 00 
00 e4 08 37 00 01 08 00  00 fe 02 b9 00 9a 08 00 
10 6c 08 3f 00 6f 50 00  00 e4 10 7c 00 39 00 06 
00 fd 00 a7 00 f8 80 60  00 be 00 de 20 04 00 08 
00 7e 01 5e 00 1d 40 08  00 96 00 fb c0 ea 20 01 
01 ff 04 7e 40 fc 04 28  00 2e 00 87 02 31 24 00 
00 70 00 7e 82 64 31 0c  00 37 04 bd 01 cd 00 00 
00 57 00 37 00 34 00 00  00 37 00 7f 00 5c 84 00 
00 5e 40 77 09 1c 06 00  00 db 04 69 02 62 40 18 
00 ec 00 eb 00 5b c0 00  00 85 40 25 c0 ef 20 0d 
00 e1 30 e0 40 91 08 08  40 96 40 da 00 ac 40 88 
00 b2 00 b8 00 38 04 c0  00 60 02 d4 00 e3 00 88 
00 82 08 ca 03 d6 20 40  00 bd 00 e3 00 28 00 00 
00 bf 02 76 00 0b 00 80  00 f6 00 fb 00 e5 00 80 
00 53 80 01 20 7f 01 02  00 60 00 3d 10 e2 14 60 
00 3a 01 ac 00 ed 00 6a  00 5e 00 d6 00 7e 21 00 
00 ff 00 db 10 d4 02 10  01 7b 00 a5 10 fa 00 02 
00 bb 00 bc 00 b7 80 24  00 b6 00 af 00 72 00 20 
40 09 04 7a 80 ce 00 20  00 43 00 dc 04 a7 00 00 
00 e8 20 7d 30 17 02 0c  00 49 00 d3 40 0f 01 00 
00 f5 08 ff 00 74 04 08  00 ff 00 bb 00 3e 00 a0 
00 d5 00 ad 20 4f 00 40  00 87 08 fa 00 34 04 0c 
00 76 40 e6 00 8d 00 00  00 4b 08 eb 01 e6 04 e0 
00 db 00 c8 02 8f 24 00  00 2b 00 fd 24 ff 00 00 
02 e7 00 19 00 78 10 c4  00 e6 00 ca 00 34 00 14 
00 2f 02 65 00 5d 02 17  00 ec 00 ab 24 f8 00 06 
00 b1 00 dd 00 60 60 00  80 ee 00 d5 20 53 40 02 
00 8c 00 e8 10 da 20 6c  00 ff 08 cb 10 eb 24 00 
00 a7 22 db 88 b9 08 03  00 bf 00 f3 20 4e 81 24 
00 be 00 06 10 80 00 22  00 f8 00 fc 80 36 00 00 
80 aa 00 79 04 ed 00 00  00 bb 00 eb 80 27 00 20 
00 f7 30 ec 00 a8 00 21  00 ef 10 df 20 47 00 00 
00 b9 00 4d 00 a3 00 00  00 0f 00 ed 04 c7 03 01 
00 7f 40 7a 00 a9 00 10  00 d5 00 d7 00 23 00 10 
00 6f 10 7c 14 d5 20 01  00 eb 04 ee 10 b1 48 10 
00 f7 00 ef 02 8c 01 11  00 d3 10 7f 00 32 43 03 
00 f7 00 9b 10 d1 40 20  00 dd 00 b3 08 9c 04 31 
02 ad 00 f1 00 5b 00 00  00 d8 10 ff 00 e1 02 84 
00 f9 00 f9 2c 6b 20 00  00 a6 00 74 01 f1 04 00 
00 7d 00 95 00 74 00 00  00 cc 00 f7 8c 32 80 00 
00 fe 02 2e 60 02 00 00  00 e6 00 fb 04 93 40 00 
00 bf 00 aa 10 50 10 01  00 32 00 5b 00 67 00 20 
00 f7 08 3f a0 e8 01 0c  00 ab 04 9f 00 7d 10 20 
00 fc 00 27 80 9d 00 00  00 ee 00 76 00 73 20 30 
00 20 00 68 40 33 00 60  00 6e 00 fb 05 d0 00 02 
00 f6 00 ee 80 6b 01 40  00 b7 02 76 40 72 00 02 
00 47 00 bd 49 53 40 80  00 fd 00 d7 11 f8 a0 0b 
00 0d 10 de 00 fc 82 70  00 7f 05 3d 00 6a 94 84 
00 fb 00 d5 44 fc 00 00  00 8f 00 fc 00 3b 00 1c 
00 63 03 c7 08 de 00 40  00 fe 00 b6 10 b1 80 12 
00 6f 00 3f 02 fe 00 08  00 fe 08 8d 80 13 00 00 
00 cc 10 1d 44 d4 00 28  00 83 09 fa 00 6f 40 10 
00 17 00 9f 08 fb 00 01  00 9f 00 45 08 84 00 80 
00 bb 00 3d 0a d0 00 00  00 44 04 07 0c af 20 00 
00 09 00 65 88 9d 08 00  00 ff 14 fc 00 d3 06 00 
00 36 00 bf 00 c5 00 00  00 4f 00 f5 04 25 00 20 
00 77 02 ef 40 0d 30 15  08 ff 01 8e 00 ae 80 10 
00 fa 00 be 40 af 00 c0  00 9c 00 8d 20 e6 00 00 
00 6c 00 fa 00 b4 00 80  00 f6 00 73 00 81 88 24 
00 9f 30 fb 00 7c 00 23  02 d3 00 6a a0 08 48 00 
00 83 00 6d 00 3a 01 32  00 ad 00 fa a0 a9 00 36 
00 fd 00 f4 00 ac 40 01  00 fb 00 15 00 a5 00 08 
00 df 00 96 00 03 0a 00  00 fb 00 b1 1e 9f 00 08 
00 5f 00 3c 00 a4 02 01  00 7f 00 e5 01 23 00 04 
00 64 00 dd 00 f0 02 10  00 f3 00 e5 02 5c 00 00 
00 7d 00 3f 04 83 00 04  00 9b 80 6a 05 3e 10 88 
10 bf 00 3b 01 d6 00 00  00 d3 00 7d 00 e7 02 10 
00 7d 00 2b 00 7a 80 12  00 d8 02 e8 00 79 00 01 
00 8e 00 cf 80 56 00 81  00 da 00 fd c2 97 40 00 
00 df 00 25 00 f9 00 12  00 00 10 c6 40 82 20 80 
00 7d 04 13 00 c6 02 00  00 f3 01 c7 10 f4 80 10 
00 f4 80 e0 80 6e 08 a0  00 38 00 fb 08 19 32 03 
00 a3 08 fa 00 36 18 00  00 1f 00 7d 40 d7 10 10 
00 5a 00 64 04 b1 00 04  00 16 00 92 00 52 c0 00 
00 af 00 23 04 36 00 03  00 d3 80 de 14 e4 4a 08 
00 d3 08 96 00 4d 00 00  00 89 20 d3 00 d2 40 10 
00 f1 00 3f 44 52 00 02  00 1f 00 05 00 53 00 80 
00 f6 00 f7 00 d3 08 10  00 99 04 c5 40 e0 80 00 
00 cb 00 7b 00 7f 10 80  00 5e 00 7c 00 46 42 00 
00 b7 00 47 00 4a 00 01  00 f1 00 57 00 5f 00 30 
00 9a 00 ae 00 c6 04 11  00 8a 04 b7 0c 4e 00 31 
00 57 0c ee 40 e9 00 00  00 77 00 5b 01 e7 24 08 
00 c3 00 ba 04 99 00 05  00 ce 00 5a 01 e5 80 00 
00 f0 01 bf 45 2d 81 03  00 53 00 b4 08 5f 60 80 
00 71 00 9c 46 bd 80 05  00 a1 20 bb 80 e9 00 01 
00 bd 00 ff 00 72 00 00  00 95 00 b7 24 5a 01 01 
00 53 08 77 00 ba 00 a2  00 5f 00 e6 c0 5e 50 02 
00 ed 00 5c 22 fe 00 98  00 7d 00 f7 00 a2 00 22 
00 71 03 63 00 57 40 11  00 b9 00 8f 20 24 00 54 
40 6d 00 df 40 48 01 00  00 fd 20 eb 08 3d 22 00 
00 cb 00 9a 08 6e 02 00  80 f2 00 d3 00 ba 05 21 
10 47 00 dd 31 60 82 50  00 cf 00 45 20 79 80 00 
00 c6 00 f9 30 99 84 04  00 f3 08 f8 00 31 20 92 
00 ff 00 3b 00 c8 02 08  00 b5 00 07 00 c0 00 08 
00 89 02 59 14 a9 00 84  00 7f 10 78 80 1f 20 30 
00 00 88 fd 12 c4 00 00  00 00 55 be 92 fd 00 00 
00 40 35 3b 84 7f 00 00  00 04 0c fd 07 ff 00 00 
00 00 85 ad 98 99 10 00  00 00 13 ff 8d fe 40 00 
00 00 68 ff 4d ff 02 00  00 00 6a ff ad ea 00 00 
00 00 12 d7 e0 8e 00 00  00 00 59 ff 12 d9 00 00 
00 00 c5 f9 d2 7f 00 00  00 00 04 ff f1 8e 00 00 
00 00 58 ff 63 fd 00 00  00 00 68 ff e6 ef 00 00 
00 00 80 ff 72 7b 00 00  00 00 4d a8 94 fd 00 00 
00 00 49 ef 79 fd 02 00  00 00 14 ff a0 ff 00 00 
00 00 02 bf 2a ff 00 00  00 00 c7 af b0 fb 00 00 
00 80 18 ff 54 d5 00 00  00 09 01 bb 5e ff c0 00 
00 00 1c ff b8 bf 00 00  00 20 e1 63 d0 fe 00 00 
00 08 30 ef 2d eb 00 00  00 00 40 fe 64 ff 00 00 
00 00 70 7e ea ff 01 00  00 00 a1 7f 60 ff 04 00 
00 00 64 ff 5a ef 00 00  00 00 4d bf dc ff 08 00 
00 80 80 ff ff fe 04 80  00 00 d6 df 9d ee 40 00 
00 00 02 fe 91 fb 02 00  00 00 23 df 0f 79 00 00 
00 00 12 ff d3 3d 00 00  00 00 21 a7 70 ff 00 00 
00 00 9a df ca 7d 10 00  00 00 19 bf 6f 6f 00 00 
00 00 28 ff 02 d7 00 00  00 20 aa ff e2 fb 00 00 
00 00 1b f5 4b fd 00 00  00 00 00 ff 21 6f 00 00 
00 00 01 fa 11 ef a0 00  00 00 45 ff 8a ff 00 00 
00 00 41 e5 af 56 c0 00  00 00 b1 fd b8 ff 00 00 
00 00 c4 ff 16 fb 01 00  00 00 01 dd da 39 00 00 
00 10 21 ff f9 ff 00 00  00 00 20 ff 51 bd 00 00 
00 00 84 ff 50 bb 80 00  00 00 8e ff 43 5f 00 00 
00 00 0a fe 75 fe 00 00  00 01 81 ff 09 7f 00 00 
00 04 b8 65 a8 a5 04 00  00 00 75 fb 3c fd 00 00 
00 00 e2 e7 81 ed 00 00  00 00 5f f7 98 3f 00 00 
00 00 74 ff e1 fd 00 00  00 20 14 df c3 ff 00 00 
00 00 27 fd b2 4a 00 00  00 00 41 7f 58 b6 08 00 
00 00 cc fd f4 f7 00 00  00 40 1b ff 74 7f 01 00 
00 00 57 ff 8d ff 00 00  00 00 03 bf d1 db 08 00 
00 00 80 fb 83 6b 02 00  00 00 a4 eb a6 d6 00 00 
00 00 51 df f1 fd 00 00  00 04 87 3f 02 5f 20 00 
00 01 a2 ff c4 2f 00 00  00 00 a1 c3 fe be 00 00 
00 40 5e ef 0c ff 00 00  00 00 c5 df 0a 3e 00 00 
00 40 34 fb 42 7b 10 00  00 00 13 fd 70 52 00 00 
00 00 45 fe b0 af 00 00  00 20 02 ef 01 bf 00 00 
00 00 89 ff 82 ff 00 00  00 00 a1 ff a4 eb 00 00 
00 00 00 f6 11 3b 00 00  00 00 47 f9 c1 ef 00 00 
00 00 5a ff 5b fa 10 01  00 00 59 f7 e4 ef 00 00 
00 00 5d fd 43 af 00 00  00 00 56 ff 31 83 00 00 
00 00 00 f5 bc 33 00 00  00 00 48 fd 8e 7f 00 00 
00 00 30 fe a4 ed 00 00  00 00 95 ff 4d fd 00 00 
00 00 04 ff 8b fd 80 00  00 00 68 67 22 ff 00 00 
00 00 20 ef ef 3f 00 00  00 20 81 eb 00 fe 00 00 
00 00 80 fe bb ef 00 00  00 00 49 fb a0 ff 04 00 
00 00 47 fe 34 bd 00 00  00 00 70 7f f0 7d 00 00 
00 08 20 3f 07 fe 00 00  00 00 72 ff 0a 6f 10 00 
00 20 29 fe c4 c0 00 00  00 00 00 de 46 fe 00 00 
00 02 86 ff 7d 36 00 00  00 00 0a ff 97 f9 02 00 
00 00 84 fb 2f fc 04 00  00 00 a6 df 64 ff 40 00 
00 00 bc ff 9e ab 00 00  00 00 4b bf 15 f7 00 00 
00 00 c4 ff 30 2e 80 00  00 00 82 fb 18 ef 00 00 
00 00 ab 7b 28 fb 00 00  00 00 e9 ff 04 bf 00 00 
00 00 06 df 23 7f 00 00  00 01 5c fc c1 78 00 00 
00 00 ca ff 6b ff 01 00  00 60 48 ff 86 ce 00 00 
00 00 62 7f b4 f7 00 00  00 00 32 f3 5c eb 00 00 
00 00 28 eb 75 d6 10 00  00 00 0c 5f 30 f5 00 00 
00 00 03 ff 0e fc 00 00  00 04 41 79 1f ff 00 00 
00 00 0a ff f6 da 00 00  00 00 05 7f b5 bf 00 00 
00 00 29 bb 20 cb 10 00  00 00 4c fe 1e ef 00 00 
00 00 4b fd fa fa 02 00  00 00 10 bb 7b ff 00 00 
00 00 63 b5 88 cb 00 00  00 00 42 ff 3b fd 00 00 
00 00 02 78 ce ff 00 00  00 00 8a ef 18 3f 00 00 
00 00 42 fd 4d f3 00 00  00 00 45 ff 63 5f 00 00 
00 00 05 ff 24 ff 60 00  00 00 09 ff 09 f3 00 00 
00 00 1b be ef ad 14 00  00 00 4a f7 09 ef 00 00 
00 00 b8 f7 2d 6f 00 00  00 00 04 fb ee fd 00 00 
00 02 80 ee 22 ff 40 00  00 00 9a ff 8b f7 00 40 
00 00 11 ff 54 e3 00 00  00 00 28 e7 32 de 00 00 
00 00 05 74 7a d5 00 00  00 10 95 7f 21 df 00 00 
00 00 80 fd ac f7 04 00  00 40 3c f3 95 7f 00 00 
00 00 b2 ff b1 ff 00 00  00 00 21 bf e9 df 00 00 
00 00 04 ff 0b f6 40 00  00 00 49 ff ab ee 00 00 
00 00 a0 fb 00 ef 00 00  00 00 24 ff 51 db 00 00 
00 00 70 ff 2f e9 80 00  00 00 10 ff 62 fe 00 00 
00 08 40 ff d8 fc 00 00  00 00 11 ff 93 db 00 00 
00 00 11 fb 25 bc 00 00  00 00 02 f7 35 b9 90 00 
00 00 f0 6b e7 fe 00 00  00 00 20 7f 6e f7 00 00 
00 00 60 7d 2f ff 00 00  00 00 3d ff b3 77 80 00 
00 00 20 fe 5f a7 00 00  00 00 00 ff 4d bf 02 00 
00 00 20 7f c2 bf 00 00  00 00 80 dd 41 63 00 00 
00 00 37 ff 02 7b 00 00  00 00 20 ff 6e ef 00 00 
00 00 3e ff 2d f4 00 00  00 00 03 7f 29 ff 00 00 
00 00 2c be 25 7e 00 00  00 00 96 f3 9e f3 00 00 
00 02 22 ff a8 ff 00 00  00 00 ec f7 64 9a 10 00 
00 00 01 fb 4e 6f 00 00  00 00 c8 fd c9 ef 00 00 
00 00 60 df 54 f7 00 00  00 80 03 ff be 73 00 00 
00 10 7c ef 86 ff 00 00  00 00 97 d6 59 f1 00 00 
00 00 8c ed ba fd 08 00  00 00 86 ff 6b e7 00 00 
00 00 08 6f 28 ff 10 00  00 00 ad ef 88 ff 00 00 
00 10 25 ff 45 6f 08 00  00 00 d0 7f c8 c7 00 00 
00 00 51 fe b8 f7 00 00  00 00 08 de 14 fe 00 00 
00 00 a8 3f 79 fd 00 00  00 00 35 fd 05 f3 00 00 
00 00 32 bf 77 ff 00 00  00 00 04 ff 18 be 00 00 
00 00 24 ed b1 7b 00 00  00 00 aa fc 22 5f 00 00 
00 00 46 5f 3a f3 00 00  00 00 0a ef 50 fe 00 00 
00 00 66 ff 12 df 00 00  00 00 2a 75 2f df 00 00 
00 00 07 fb ca 7e 00 00  00 00 22 ff 79 fe 00 00 
00 00 08 ee 6a fb 00 00  00 00 4b f5 9d fd 00 00 
00 00 42 ff d5 9e 00 00  00 00 66 df 25 fb 00 00 
00 00 80 f7 82 ff 00 00  00 01 29 ef c1 fd 00 00 
00 00 48 ff cb ff 00 00  00 00 53 e2 92 ff 00 00 
00 00 25 ff 24 fe 00 00  00 04 49 bb 34 bc 00 00 
00 00 c0 fd 4c 7f 40 00  00 00 20 ff 6e ff 00 00 
00 00 63 bf 44 cf 00 00  00 00 5e 5f 9d ff 20 00 
00 00 60 f6 31 9c 00 00  00 00 88 ff 05 ef 02 00 
00 00 90 de 0c df 00 00  00 00 b4 fe 1a ef 00 00 
00 00 42 fe 08 ff 00 00  00 00 1d fb cd 7b 00 00 
00 00 a1 fe c6 ad 01 00  00 00 34 ff 97 97 00 00 
00 00 15 fd c6 ff 0a 00  00 00 c8 ff ac ee 00 00 
00 00 0a 7d 36 fd 00 00  00 00 c0 fa 5f f2 00 00 
00 00 15 ad b4 ff 00 00  00 00 e0 77 a3 ff 00 00 
00 00 c0 ff 63 e9 00 00  00 00 12 fe 80 ff 00 00 
00 00 00 ff 0a b5 00 00  00 80 c1 f5 86 ff 00 00 
00 08 06 7f ba e3 02 00  00 00 0a f5 5c e5 80 00 
00 00 59 ff 0d ef 00 00  00 00 21 bf f4 fd 00 00 
00 00 06 7f ae 1d 00 00  00 00 50 de 92 7f 20 00 
00 00 38 bf 45 ff 00 00  00 00 12 94 bf 37 00 00 
00 00 5c ff 2c ef 00 00  00 00 28 fe dc cf 00 00 
00 00 26 f7 5a e6 00 00  00 00 39 ed 0e bf 00 00 
00 00 c0 db 93 7e 00 00  00 00 16 f5 31 fe 84 00 
00 00 08 df 38 f3 00 00  00 50 04 7f 77 fb 80 00 
00 00 06 f9 72 9d 00 00  00 00 6a ff 9c bf 21 00 
00 00 0a ea 24 7a 00 00  00 08 c9 de 10 f3 40 00 
00 00 80 d5 39 c5 00 00  00 00 b9 bf 40 ff 80 00 
00 00 92 df af fe 01 00  00 00 58 ff 3b df 80 00 
00 08 00 7e 2a fc 00 00  00 00 00 fe a3 ff 00 00 
00 00 54 f9 55 36 48 00  00 00 04 7f f3 77 00 00 
00 00 fe bf c8 79 00 00  00 80 94 df 80 af 00 00 
00 00 80 a7 95 b7 04 00  00 00 04 fb 92 ff 00 00 
00 01 03 dd 14 bf 00 00  00 00 c1 bf 8d fe 10 00 
00 00 00 ff 9a df 00 00  00 00 cd fb 0e 27 10 00 
00 00 88 ef 0c ff 00 00  00 00 35 f7 7a 7f 00 00 
00 00 e6 b7 96 7a 00 00  00 00 03 ef 66 7e 00 00 
00 00 62 7d 6e ed 00 00  00 00 86 7f 8a e6 00 00 
00 00 04 fb 84 af 00 00  00 00 63 ff 02 ff 00 00 
00 00 10 f7 ab fd 00 00  00 10 12 df ab e3 00 00 
00 40 1a ff 7a f9 00 00  00 00 45 d7 0d ff 00 00 
00 40 48 fe c3 eb 00 00  00 00 58 fe 4d f5 00 00 
00 00 b3 f6 26 ff 08 00  00 00 24 f5 49 7c 00 00 
00 00 08 ff 01 d6 00 00  00 00 6a bf 02 7b 00 00 
00 00 0a 7f d6 fd 00 00  00 00 25 fb 80 3d 20 00 
00 02 3c ed 36 ff 00 00  00 00 54 7f 5d cf 00 00 
00 00 90 f7 01 f9 00 00  00 02 84 ef 1d bf 00 00 
00 00 40 bf a1 eb 00 00  00 00 a6 ff 41 fb 00 00 
00 00 86 f9 37 fe 08 00  00 00 b0 ff 17 bf 00 00 
00 00 79 ff 46 cf 80 00  00 42 50 fb 2d b9 04 00 
00 00 02 fa d6 dc 00 00  00 00 00 7c 0a df 00 00 
00 00 62 ff 2f df 40 00  00 00 46 ff 21 99 00 00 
00 00 a6 9b 1e 96 00 00  00 00 00 fc 49 d2 00 00 
00 00 0d f8 94 db 00 00  00 00 34 7d 44 7d 00 00 
00 00 55 ff 28 ff 00 00  00 04 01 bf 93 be 00 00 
00 00 04 b7 e5 ff 00 00  00 00 80 ff fb f5 01 00 
00 00 01 ff 2b bf 05 00  00 00 88 ff a1 ff 00 00 
00 84 14 ff 55 df 00 00  00 00 83 50 a5 7f 00 00 
00 20 c1 7f 46 fa 00 00  00 00 15 ff 5e be 00 00 
00 00 31 da 9d e7 00 00  00 00 8e f7 40 df 00 00 
00 00 01 ff 26 2f 00 00  00 00 40 fa 9c fb 00 00 
00 50 07 ff 0c fb 00 00  00 40 9c f7 a8 df 00 00 
00 00 24 7f 8f ff 00 00  00 00 50 f9 b2 b1 00 00 
00 00 8c 77 cd d7 00 00  00 00 20 f5 a7 c5 00 00 
00 00 6e fb 91 ff 40 00  00 00 50 fb 89 fb 00 00 
00 00 01 7b 01 dd 00 00  00 08 2b ff f2 bf 00 00 
00 00 f1 ff f0 fc 00 00  00 00 a9 fd b1 5c 00 00 
00 04 12 ff 3a 7f 00 00  00 00 04 ef 30 77 00 00 
00 04 80 ff 59 f7 00 00  00 00 0d ff 98 db 40 00 
00 00 49 7f f1 e7 04 00  00 00 91 df 51 1d 00 00 
00 04 4a ff 96 b4 20 00  00 40 50 ff d0 5d 00 00 
00 00 68 fb df 7e 08 00  00 00 0a df 77 6c 00 00 
00 00 0c f3 49 ff 00 00  00 00 8c ef 49 df 00 00 
00 00 b4 bd a5 ef 01 00  00 00 54 ae 6c 5f 00 00 
00 00 18 ff 10 df 00 00  00 00 12 ff ce 9f 00 00 
00 00 2e ff a4 77 10 00  00 00 25 ff 38 7f 10 00 
00 00 46 fe 29 77 00 00  00 00 2b fc 31 f0 01 00 
00 00 c7 df 1c bc 00 00  00 00 14 ef e1 fb 00 00 
00 00 c9 ff fc b7 10 00  00 00 19 f7 be fd 01 00 
00 00 38 ff 42 bf 00 00  00 80 96 ed 92 7b 00 00 
00 00 95 bf 1c df 08 00  00 00 a4 ff 19 8f 00 00 
00 00 00 de 01 df 45 00  00 00 00 ff e8 3f 00 00 
00 00 31 ff 10 df 01 00  00 00 3f ff 6e 5c 00 00 
00 04 c3 f5 02 f6 00 00  00 08 10 fd 73 ff 08 00 
00 00 b4 ef d8 ef 00 00  00 00 98 ef 0b aa 00 00 
00 00 c2 f9 04 ff 00 00  00 00 a5 af 14 ff 00 00 
00 00 0e fd a9 7f 00 00  00 20 80 ef 8c 3f 02 00 
00 00 d1 a7 65 6a 04 00  00 00 59 ff 58 df 08 00 
00 00 10 9e 6b b7 00 00  00 00 8c bb c8 fa 00 00 
00 10 12 57 5c bf 00 00  00 00 00 ff 64 b5 00 00 
00 00 20 df 15 ef 40 00  00 00 1c ff 06 db 10 00 
00 00 e7 bf 1a ff 00 00  00 00 31 7f 6b db 00 00 
00 00 81 ff e4 ff 00 00  00 00 df ff 8b ff 00 00 
00 00 0b be a9 9f 00 00  00 00 13 be 31 df 50 00 
00 00 01 7d e7 ff 00 00  00 00 44 b4 29 ff 10 00 
00 40 e0 ff 80 ff 00 00  00 04 30 fd 47 fb 00 00 
00 00 48 ff b3 bf 10 00  00 00 30 fa 55 ff 00 00 
00 80 0c ef 12 bf 10 00  00 00 70 b9 3a 7f 80 00 
00 00 26 f7 85 75 00 00  00 00 19 ff be fa 00 00 
00 40 14 ff 02 cf 00 20  00 00 07 f7 c3 ff 00 00 
00 00 50 af 5b ff 00 00  00 04 c0 ff 98 f3 00 00 
00 00 c3 f6 97 ff 00 00  00 00 80 f7 22 ff 00 00 
00 00 a1 ff 24 be 00 00  00 00 34 7b 59 cb 00 00 
00 20 42 fb ce af 00 00  00 00 e4 ff 01 b7 00 00 
00 44 08 9f 32 8f 00 00  00 00 72 ee 20 f7 00 00 
00 00 98 ff b0 7f 00 00  00 04 58 ff 4f fd 08 00 
00 00 c9 f7 a9 fc 04 00  00 00 c8 bf 48 75 00 00 
00 00 58 7f 48 df 00 00  00 00 61 ff e3 bd 00 00 
00 00 c5 ff 7c f3 00 00  00 0c 15 ce c4 bf 00 00 
00 00 53 3d 04 be 00 00  00 00 00 ff 09 37 80 00 
00 00 8e ff 7e fb 00 00  00 00 81 fc d9 6e 00 00 
00 00 02 ef b9 ff 00 00  00 00 b3 bb 69 7f 00 00 
00 00 24 ff a7 eb 00 00  00 00 81 7b 48 f7 00 00 
00 00 18 bf 19 f7 11 00  00 00 82 ff f1 7f 00 00 
00 00 0e ef 32 f3 00 00  00 00 10 f7 42 eb 40 00 
00 00 8e ff 0c df 00 00  00 00 38 ff 84 fb 40 00 
00 20 40 fd 08 ef 00 00  00 00 e8 ff 17 7b 00 00 
00 00 94 ff 49 df 00 00  00 00 44 bb c1 af 20 00 
00 00 be f3 86 df 01 00  00 00 03 6f 24 df 00 00 
00 00 00 fc c4 ee 00 00  00 00 8d df c2 ff 80 00 
00 00 d0 f6 f6 df 00 00  00 08 43 fb e1 fb 00 00 
00 00 80 ff 2e ff 00 00  00 00 10 fe 1b ed 00 00 
00 00 e2 f7 a0 ff 00 00  00 00 72 f5 17 ff 00 00 
00 00 2b ff 4b f3 00 00  00 00 cc bf 38 6d 00 00 
00 00 81 ff 18 7f 10 00  00 00 a9 fd 6e 3e 21 00 
00 00 10 ff 15 7e 00 00  00 00 02 fe 36 ed 00 00 
00 00 00 ef cb 37 01 00  00 00 4b d7 81 7e 08 00 
00 00 a7 ff 41 eb 00 00  00 08 45 bf c8 ff 00 00 
00 08 03 bf a1 cb 00 00  00 00 a4 fe 6e 5f 00 00 
00 00 80 de fe fe 00 00  00 04 05 ff c2 bb 00 00 
00 00 5d ff 22 e4 80 00  00 00 31 f4 75 ff 40 00 
00 00 0c fb 30 db 0a 00  00 00 27 bd 6b 1f 00 00 
00 00 ed fe 73 5f 10 00  00 00 82 ff aa ff 00 00 
00 00 10 ff 13 f7 00 00  00 00 25 ff 8e ef 02 00 
00 00 04 dc d2 d7 00 00  00 00 82 37 44 bd 08 00 
00 20 92 ef e7 7d 00 00  00 00 48 ff 06 fb 00 00 
00 00 04 e7 bc 3f 40 00  00 00 42 bf 22 df 00 00 
00 00 c3 bf 3c ff 08 00  00 20 04 ff 9a 7c 00 00 
00 40 86 fb dd ff 00 00  00 00 e4 bf 35 1e 10 00 
00 00 d1 7f 09 ff 00 00  00 00 65 ff a2 f4 00 00 
00 00 e0 bf 93 fe 00 00  00 00 07 ff 1e 73 00 00 
00 00 01 ff cf ff 00 00  00 00 b1 ff 05 ff 00 00 
00 00 0c 6f a2 ff 00 00  00 00 b0 ed 20 7f 00 00 
00 00 28 ff 3e fd 00 00  00 08 28 f3 0b 7e 00 00 
00 00 42 f9 01 ff 08 00  00 00 80 ff 0d 7f 80 00 
00 00 04 df 50 de 00 00  00 00 81 df 41 37 08 00 
00 00 00 fc f8 bf 40 00  00 00 34 fd 03 5e 00 00 
00 00 ce fd 41 ef 24 00  00 00 08 fe 78 af 00 00 
00 00 48 f7 70 5a 00 00  00 00 71 bf 03 77 00 00 
00 00 39 d9 89 6b 00 00  00 00 00 ff 99 7d 00 00 
00 00 a8 da 92 ef 02 00  00 00 22 ff ac f3 00 00 
00 40 85 77 10 ff 08 00  00 00 5e fb a5 3d 10 00 
00 00 00 f7 98 fd 40 01  00 00 ea ff 21 e7 10 00 
00 00 63 35 b7 fb 00 00  00 00 81 6e 1b 5f 00 00 
00 00 06 ce a8 79 00 00  00 00 06 de 82 fc 00 00 
00 00 00 fb 94 ff 00 00  00 00 c0 f7 26 ad 08 00 
00 a7 01 a7 00 7f 01 48  00 33 00 fb 4c d1 00 00 
00 5f 60 ef 41 44 84 08  00 df 00 6c 02 fd 00 00 
00 4d 00 e7 08 f5 ac 10  10 7e 00 f4 c0 8a 00 00 
00 51 10 bc 20 69 80 20  00 b8 00 7b 42 13 10 11 
00 1f 04 cd 00 87 00 06  00 32 00 ef 00 f3 00 a0 
00 0f 02 cf 41 0b 42 44  00 f1 18 7b 00 9f 80 84 
00 73 00 5e 00 a2 00 20  00 be 00 74 20 fe 40 00 
00 5f 00 f9 04 aa 00 00  02 fd c0 fe 00 b6 10 08 
00 47 00 b2 00 4a 08 00  00 f8 02 d7 00 ff 00 01 
00 e7 00 7d 00 ff 0c 12  00 2d 02 fa 01 fe 41 00 
00 ac 00 ff 20 49 20 40  00 ee 00 f5 14 19 00 00 
00 9c 42 6a 02 e5 01 04  01 9b 1b 62 04 5d 00 00 
00 fc 00 52 00 9a 10 31  00 cf 00 6f 20 e1 02 04 
00 f1 00 cf 00 aa 01 00  00 65 01 6e 00 82 80 08 
00 64 40 11 00 a7 10 04  00 a1 00 3a 06 36 10 00 
00 be 40 e3 02 e8 00 00  00 98 00 b1 18 4d 00 81 
00 bf 04 ee 10 c3 28 03  00 94 00 3c 04 08 00 41 
00 7f 10 e1 00 f4 00 a4  00 df 00 69 00 17 00 00 
20 5f 00 f6 08 4f 00 01  40 98 00 5e 10 89 01 30 
00 df 40 4d 00 fb 90 84  00 b7 00 7e 20 34 00 81 
00 d0 00 ae 00 43 10 0d  00 9b 80 0c 01 16 08 00 
00 5f 00 63 40 62 00 00  00 cf 00 d3 00 bd 42 90 
10 83 00 e7 80 63 08 45  04 fd 00 9a 20 a5 04 a0 
00 d6 01 4f 80 65 04 00  00 af 04 bc 09 c6 00 06 
00 5e 00 d3 28 6c 00 0e  00 a8 00 5f 20 e5 00 20 
00 6b 04 5b 04 8a 02 02  00 da 08 ef 00 9a 00 45 
00 78 00 bd 00 e0 11 20  00 4c 01 bb 42 ec 00 00 
00 ef 05 fd 02 6c 04 00  00 9e 00 f5 51 23 01 00 
00 ae 40 b7 00 65 20 14  00 f7 00 e6 01 f3 10 00 
00 2e 00 72 00 27 40 04  00 df 09 7e 14 ff 00 28 
00 d9 01 dc 00 7b 22 64  00 32 04 8c 02 f8 0c 85 
00 d3 90 cf 90 df 08 00  00 75 00 cd 84 d4 00 01 
20 3b 20 77 14 e3 00 20  00 b1 00 e6 c0 fd 00 40 
00 a7 00 c7 20 a7 00 02  20 1f 08 f6 08 6c 00 00 
00 93 00 cf 00 3d 86 22  00 ab 00 d5 00 a2 29 22 
10 cd 00 76 80 30 a0 08  08 ea 09 6b 08 f7 20 24 
00 bb 00 c5 88 28 20 46  00 8c 40 fc 00 2d 00 09 
00 c9 00 e7 00 61 40 14  00 47 00 4b 40 e0 00 00 
00 fb 00 76 00 a7 14 04  00 6e 00 ef 02 b6 00 80 
00 b9 00 f6 90 b7 44 02  00 df 00 23 20 da 20 02 
00 bb 80 f4 80 43 00 01  00 ce 00 13 00 c6 30 00 
00 3f 00 d5 00 ef 11 60  00 cd 00 6c 00 d3 00 01 
00 cf 00 94 00 50 00 00  00 bc 00 45 00 42 00 82 
00 bb 00 c7 20 62 00 00  00 7b 80 e4 02 cf 43 1c 
00 f6 00 e9 04 14 42 31  00 bf 00 3a 80 73 34 04 
00 ce 00 ad 80 39 34 c0  00 f6 01 d4 00 43 98 26 
00 77 84 5a 04 20 50 48  00 fc 00 ee 00 b3 a2 0c 
00 98 41 df 10 79 50 01  00 f7 00 3d 00 cf 20 10 
00 6f 00 b4 10 7b 10 20  00 db 09 7f 09 30 08 10 
00 ee 01 f5 00 01 92 82  00 c1 00 4c 22 07 02 00 
00 fe 00 06 02 08 60 20  00 65 01 3d 01 24 08 02 
00 f6 00 e7 02 2d 00 12  00 f1 00 de 80 ac 00 84 
00 65 00 70 28 c7 20 16  10 ee 12 fc 00 e2 40 01 
00 2f 00 73 02 67 43 21  00 8d 81 cd 00 69 00 08 
00 ad 00 aa 00 7e 00 4c  00 f1 00 e0 00 b5 4c 61 
00 69 00 7c 00 7a 00 40  00 6d 00 bf 44 b7 18 28 
10 7c 00 58 4c 93 08 00  00 0d 02 75 09 c7 80 00 
00 25 00 5f 10 34 00 24  00 fe 00 f5 00 e2 04 00 
00 b7 00 7e 00 60 00 0a  00 fd 40 3b 20 4e 04 00 
00 cf 40 6e 10 17 02 05  00 7f 20 a1 80 d4 20 20 
00 ba 00 79 00 81 22 00  00 bb 00 f7 50 99 c0 24 
00 f1 00 47 00 37 20 00  00 ea 00 9d 40 e3 40 40 
08 5d 20 ef 48 91 12 00  00 b4 00 ae 40 14 04 02 
00 13 00 9e 00 d1 00 08  00 dd 00 ab 00 cf 04 64 
00 4e 00 f7 00 d8 02 04  00 af 00 ff 00 a1 00 00 
00 db 00 da 02 64 00 20  00 f3 80 fc 10 e0 80 09 
10 d6 40 fb 10 45 04 54  00 b2 82 fc 02 05 00 01 
00 95 00 ee 08 ba 00 00  00 e6 00 cc 20 1a 2a 00 
00 b1 01 9d 01 73 00 0b  00 e9 40 6c 09 57 04 10 
00 5f 00 cd 00 9e 18 20  00 6e 02 31 40 a8 86 40 
00 d6 40 9f 00 1d 20 00  00 cd 01 ff 90 10 00 44 
00 cf 0a 79 c0 54 08 10  00 f3 00 71 a4 63 20 00 
00 dd 00 ff 20 9d 01 08  00 91 00 c3 18 2c 00 40 
00 5c 00 9b 80 4e 00 14  00 3c 00 5e 04 eb 01 64 
00 0d 01 2a 00 0a 00 00  00 3f 00 ee 05 7e 04 82 
00 07 00 cd 40 f6 08 a0  00 ef 00 f9 82 d6 10 90 
00 f8 00 ff 00 89 10 09  00 ae 14 f1 00 85 04 00 
10 3e 00 ab 01 ca 04 80  00 f7 30 e8 00 15 00 32 
00 2f 00 bb 0c e6 04 40  00 df 00 de 20 0a 10 00 
00 2f 20 df 16 4e 00 00  00 48 00 9d 30 ee 00 80 
20 bc 00 21 05 4f 01 40  00 bd 00 da 10 49 20 38 
00 4e 00 1f 00 5f 08 20  00 db 00 3e 00 28 00 10 
00 73 08 72 40 65 02 00  00 6e 00 7f 01 94 00 14 
00 db 00 f4 00 75 00 14  10 eb 00 b8 01 37 00 00 
00 af 00 77 11 f1 12 21  00 09 80 bc 02 7c 94 01 
00 7d 00 3f 00 db 04 02  20 ed 80 d2 00 22 10 00 
00 1f 4a dc 02 71 0c 20  00 3f 04 7c 00 e4 04 01 
00 bd 00 ff 00 a9 30 10  00 cd 01 6b 00 3f 20 00 
00 b6 00 e9 00 7c a0 30  00 5f 00 1f 04 b1 00 40 
00 8b 01 0e 00 97 10 20  04 5d 80 cf 00 03 24 28 
00 6f 00 89 01 8b 00 22  00 d5 40 fe 04 b5 20 06 
00 6b 00 d6 00 8c 11 40  00 9f 00 ea 20 9a 02 c0 
00 0c 00 ce 00 d8 a2 00  00 6f 00 77 40 60 00 08 
00 af 00 ea 04 de 08 84  00 a8 02 9d 0c 78 88 09 
00 e0 22 3b 81 69 08 00  00 f6 00 6e 00 18 20 00 
00 a7 02 53 00 06 00 41  00 36 08 42 01 83 04 00 
00 e8 00 ab 08 a6 08 00  00 ef 08 d7 02 66 10 00 
00 ff 00 d3 02 2e 41 80  01 76 00 49 00 26 03 80 
00 fe 08 b8 00 a0 00 08  00 2d 08 8f 01 2a 40 01 
00 15 10 52 00 c2 00 81  40 3f 00 fa 00 eb 00 88 
00 a9 00 5f 00 4d 01 30  00 c6 40 fa 11 17 00 00 
00 6d 00 7d 08 ca 00 28  00 ed 00 f2 20 5c 00 00 
00 f9 00 f4 00 f0 08 0c  00 46 00 df a0 2d 00 ac 
00 77 20 73 08 1a 00 08  00 a7 10 da 00 a5 01 08 
00 f2 13 ff 20 73 92 11  00 ce a0 be 20 a6 08 04 
00 3f 00 ea 08 65 08 00  10 7c 00 e9 02 cd 00 00 
80 6e 00 df 00 9f 00 08  00 2c 00 ee 00 67 01 48 
00 73 80 e8 01 31 00 09  00 bb 10 9e 00 aa 20 00 
00 af 03 31 82 b2 00 08  00 33 00 d3 00 2b 00 40 
00 ea 00 88 00 02 01 00  00 bf 00 35 00 23 00 00 
00 5f 00 e4 00 7e 10 20  00 d3 18 7a 02 40 40 00 
00 71 00 e7 02 65 04 00  00 6d 20 d5 20 76 02 00 
00 b7 80 67 00 b6 88 42  00 ff 40 df 12 2f 06 00 
00 1e 00 51 00 fb 00 02  00 3c 00 bd 00 37 05 40 
00 fd 00 35 00 6f 80 88  00 e7 80 cf 04 29 0c 00 
00 bf 00 97 01 2b 60 42  00 1b 00 d7 00 b9 00 18 
00 ec 40 a3 01 74 10 00  00 7c 00 7b 00 82 08 00 
00 f7 80 9f 08 37 04 80  00 ff 00 c5 40 85 00 20 
00 a0 00 9d 18 5f 00 04  08 56 00 61 00 a0 01 00 
00 f9 04 b9 08 ec 00 42  00 2b 00 fb 00 e7 00 1a 
00 6d 04 3f 00 3f 00 40  00 fa 00 13 00 f3 04 00 
00 be 00 63 04 be 00 20  00 df 00 ac 00 e1 20 08 
00 67 00 5d 00 69 00 00  00 53 01 38 40 cc 00 40 
08 f8 11 9a 80 50 03 28  00 ff 00 3f 40 94 40 08 
00 7a 80 cf 90 3f 00 0c  00 7b 00 e7 18 20 8b 00 
00 b0 00 66 04 13 10 20  00 bd 00 9e 10 b8 00 03 
00 5e 00 5d 11 8c 90 01  00 ae 08 af 00 72 02 30 
00 63 00 31 02 a6 01 80  00 f7 00 6d 00 bc a0 80 
00 df 00 ef 20 2b 40 24  00 9f 00 d9 00 08 80 40 
00 ef 00 6d 00 f3 45 02  00 ff 02 21 00 59 10 46 
00 ff 01 b0 40 7a 00 80  00 4d 84 f0 09 ad 08 10 
00 5e 04 15 26 ba 82 80  00 77 80 2f 0a 77 00 02 
00 3b 04 ee 10 9d 50 00  00 87 00 9e 0a 3e 00 00 
00 dc 00 5a 62 5f 02 88  00 cf 00 ff 02 50 80 04 
00 95 02 db c4 6b 00 00  00 b2 00 d7 50 e4 60 60 
00 eb 00 cf 22 82 01 08  00 7f 08 da 00 7f 0a 8e 
00 7c 00 7c 00 4e 00 40  00 f9 00 56 03 1d 50 00 
10 df 04 65 42 87 00 90  00 de 00 2a 00 1f 18 22 
00 f4 00 f9 00 ed 90 04  00 91 00 60 06 91 90 00 
00 df 00 be 00 d1 00 c0  00 3e 00 35 01 11 00 00 
00 87 00 7b 00 9e 00 e4  00 ba 00 cd 00 10 00 04 
00 54 00 6b 00 6e 04 00  00 d6 51 73 00 9e 00 22 
00 4e 00 ec 40 db 00 00  00 e4 00 a9 80 3c 00 00 
00 9b 00 5f 40 2f 00 04  00 bd 00 af 88 ec 41 10 
00 9b 00 b5 01 d4 00 20  00 c9 10 5c 10 f6 00 00 
00 f3 00 ae 10 74 81 01  00 45 00 32 00 c1 00 00 
00 f7 00 ff 20 ec 00 08  00 77 00 6f 10 d7 02 37 
00 ee 00 e5 00 1f 12 e8  40 59 00 95 00 4f 20 04 
00 7d 00 ff 14 7d 20 00  00 bb 04 92 0c 1c 00 40 
00 d6 00 b6 02 f6 01 00  00 ee 02 fe 00 cc 40 00 
00 62 00 a3 00 f1 00 04  00 46 00 2c 10 c6 10 18 
00 da 00 cd 80 af 00 11  00 1e 00 a9 41 6a 00 00 
00 d5 01 44 04 be 00 08  00 8e 84 c2 09 ba 00 00 
00 f3 04 79 20 87 00 80  00 8f 00 d4 22 13 04 04 
00 9b 00 f2 00 82 00 00  80 ea 00 1d 00 dd 20 00 
00 69 00 f3 02 6f 41 20  00 23 00 f3 01 8a 00 20 
00 ad 01 05 00 73 06 01  00 6b 00 f7 00 c2 00 48 
00 35 10 de 02 c2 02 0c  00 97 00 7b 80 b1 00 05 
04 e2 00 36 00 db 00 80  00 e4 00 b7 00 81 06 0c 
00 85 00 8c 00 a9 00 48  08 ef 80 f5 01 8e 04 10 
00 72 00 7b 05 dc 00 08  00 a6 20 ff 00 3b 22 0a 
00 36 00 bf 40 e2 00 38  00 9c 01 f7 00 39 01 00 
00 de 00 d4 00 da 04 00  00 3e 80 ed 00 e3 00 02 
00 f6 00 a3 82 4a 00 06  00 e9 00 8f 04 dc 00 10 
00 ff 02 fd 01 f6 00 00  00 b6 00 cf 00 60 44 10 
00 fc 10 ff 00 3b 80 08  00 5a 00 72 40 35 00 20 
00 c4 00 f7 00 88 04 03  00 da 00 f4 01 eb 00 0a 
00 a7 00 2f 20 88 04 00  00 77 08 8d 90 06 10 40 
04 87 80 f1 02 5f 24 80  00 f5 40 2e 01 60 88 40 
00 33 00 53 20 b2 00 00  00 fc 00 b2 00 b8 04 40 
00 38 01 6f 08 43 00 01  00 03 80 c1 09 6d 00 40 
00 72 00 6e 00 9a 00 81  00 df 00 b0 00 a3 20 06 
00 b8 00 fd 00 0f 04 00  00 77 00 ff 00 2a 00 80 
00 eb 00 a7 80 d8 30 10  00 eb 00 9d 01 7f 18 00 
00 42 80 4f 00 75 00 10  00 6d 02 e7 02 e7 00 00 
00 a6 00 cf 04 5e 44 20  00 cc 00 eb 06 28 00 28 
00 a7 00 5f 04 d5 00 04  00 b1 80 97 00 8f 00 00 
00 c3 20 7e 01 3b 02 10  00 9f 10 fc 00 7f 21 08 
00 df 80 76 00 de 00 90  00 57 00 f5 04 f9 00 64 
00 f1 00 89 00 9f 08 40  00 fd 00 3f 09 be 00 02 
00 ed 10 bd 00 c4 60 90  00 d9 00 1f 08 db 10 41 
00 7f 10 a4 00 d6 40 a4  00 f3 21 f5 06 d3 00 01 
00 58 00 2e 08 11 20 8c  00 3c 00 8b 04 31 04 31 
00 af 00 66 10 d8 01 44  00 7a 00 df 09 1b 01 10 
00 ab 00 90 40 39 00 02  00 6f 04 58 00 28 00 11 
00 4f 00 9a 43 07 00 08  00 db 80 ef 04 73 c0 02 
00 7d 00 97 08 00 00 81  00 ec 00 16 00 b7 00 00 
00 e7 00 9b 00 2f 40 08  80 85 00 ff b1 44 00 40 
00 22 21 d8 08 74 00 80  00 cb 00 49 60 cd 00 00 
00 53 00 fe 80 44 41 04  00 a8 00 7f 00 5c 48 40 
00 7f 82 6f 44 35 00 44  00 f9 00 ff 00 17 00 00 
00 71 00 79 00 1c 01 10  02 13 00 fe 88 d2 40 90 
00 db 82 ec 82 b3 60 01  00 e3 80 b8 02 dd 08 01 
00 d4 00 fb 00 cf 60 17  00 82 00 9c 10 57 00 80 
00 f7 00 dd 85 f3 08 00  00 ce 40 2a 80 ce 10 48 
00 b3 00 e5 49 6f 24 01  00 cb 00 ff 00 8d 04 44 
00 75 00 ec 48 da 02 10  02 a7 00 ff 04 ff 00 00 
00 ef 00 ef 00 ba 0a 11  00 ea 08 68 00 e0 01 0a 
00 64 00 5e 10 ef 00 80  00 59 00 77 00 70 01 c8 
00 fb 00 ec 04 87 01 01  00 5a 80 71 42 7c 84 80 
00 75 21 0c 01 2b 00 00  08 45 00 ca 00 72 00 02 
00 2b 00 39 00 1d 00 0a  04 f6 00 be 00 f2 06 08 
00 fe 40 d5 01 11 a0 00  00 fe 00 a9 00 4e 60 00 
00 5b 40 f7 86 0a 00 00  00 87 00 d0 00 bb 82 00 
00 9d 00 ae 00 0e 00 00  00 3f 00 cc 00 19 00 00 
00 89 00 29 83 05 84 00  00 5f 00 8f 00 c5 40 14 
00 07 00 8a 08 f1 00 00  00 d0 00 1a 02 f6 00 00 
00 dc 00 d7 40 61 21 56  00 f2 00 86 80 99 80 00 
00 fe 00 b7 04 2b 24 42  00 ab 00 af 04 b5 80 47 
00 fd 00 ff 01 9c 04 08  00 d7 00 9d 00 46 c0 09 
00 5e 80 99 00 c5 00 01  00 7f 00 97 0c 00 00 18 
00 7b 10 ff 04 df 34 00  00 ea 00 c3 20 45 00 a0 
02 5f 00 ee 01 60 40 66  00 d7 00 d7 00 f5 80 23 
00 8c 00 dc 24 b9 00 00  00 25 00 6e 44 4f 01 a0 
00 ad 00 ff 00 3d 00 02  00 80 00 a0 00 f8 00 48 
00 dc 00 fb 01 7e 00 22  00 a2 00 fe 05 5a 20 0c 
00 f4 04 d1 00 e1 00 00  00 07 10 f6 00 3d 02 00 
80 1e 04 6d 00 d8 70 24  00 38 00 fb 03 51 08 00 
02 7f 08 54 00 5c 10 02  00 62 00 03 01 01 00 04 
00 db 08 3b 80 96 20 00  00 4a 00 ad 08 ae 00 00 
00 d5 10 bf 00 c2 40 10  00 47 01 f3 00 2d 08 08 
00 f1 04 59 e4 73 00 10  00 8b 00 72 10 9d 00 08 
00 97 00 ef 00 3c 04 00  00 b3 00 ed 00 92 00 22 
00 bd 00 5f 00 0d 00 20  00 d7 00 2f 01 9b 00 24 
00 ee 00 9e 01 42 20 81  00 00 00 2a 80 3e 00 00 
00 7f 00 7f 03 70 00 01  00 97 40 54 40 99 42 00 
00 c4 20 fd 22 e5 40 08  00 29 00 9d 42 72 00 20 
00 d5 00 ef 00 98 00 0a  00 bf 00 f6 00 4d 00 02 
00 c2 00 c7 00 00 00 02  00 f7 00 c3 40 b0 a1 0c 
00 fe 00 ff 40 72 00 22  00 7f 00 c7 04 30 08 00 
00 44 00 fa 01 2c 80 04  00 bb 0c 03 00 e9 41 00 
00 ff 00 eb 00 bd 21 2a  00 e7 00 fc 00 c2 10 00 
00 78 00 fe 04 98 02 c5  00 ba 0c 0e 00 5a 08 b0 
00 3d 00 ec 00 78 04 00  00 f2 00 f0 10 7d 08 04 
00 bf 00 c3 00 87 00 08  02 cf 00 ae 00 5c 00 48 
00 fe 00 73 00 73 80 00  00 4c 00 8b 02 b3 85 20 
00 2f 00 2a 00 06 40 03  00 ff 00 6b 02 0b 00 00 
00 dd 40 4f 06 7f 00 08  00 37 24 fe 00 51 08 08 
00 0c 10 df 00 6e 00 a8  00 f7 02 bb 00 a3 80 00 
00 9c 01 8c 80 25 40 31  00 eb 00 6d 00 73 00 20 
00 b0 00 3a 80 37 00 12  00 a9 80 e7 00 b7 28 27 
00 c9 00 f1 80 88 00 09  00 3f 00 f1 00 a6 10 00 
00 c6 00 77 04 e3 42 05  00 bb 02 7e 00 dd 00 08 
40 4a 00 79 80 97 00 69  00 36 40 4c 00 e2 a4 00 
00 bb 08 bf 28 84 08 00  00 ff 00 a6 00 76 02 00 
00 7b 40 92 08 8e 20 90  00 dd 80 5d 04 45 00 00 
00 ca 18 cd 00 20 00 26  00 ca 20 fc 04 50 a8 20 
00 5d 80 15 08 f7 40 00  00 ac 00 60 00 90 04 c0 
00 ef 02 55 01 71 92 06  00 60 00 65 08 9c 10 c0 
80 57 06 3f 20 61 02 10  00 ed 00 8d 08 4d 10 62 
00 f9 00 de 00 c3 80 02  00 e0 00 79 04 87 00 00 
00 57 00 ff 05 91 88 00  00 8f 00 f8 02 b1 00 15 
00 41 00 ae 48 7a 00 80  00 66 00 b9 04 98 10 00 
00 1d 00 6a 03 63 00 50  00 9c 01 f6 00 10 00 20 
20 3f 10 67 00 15 00 42  00 1c 00 bc 05 89 00 00 
00 77 00 ff 04 5c 82 82  00 f2 00 63 80 6d 00 23 
00 00 80 ff 03 df 20 00  00 00 1f ff fb 7f 00 00 
00 00 80 ff c3 f7 00 00  00 00 51 bf 5a bf 00 00 
00 00 33 ef 5f 5f 00 00  00 00 31 fe 70 ef 00 00 
00 00 20 ff 4c ff 00 00  00 08 59 7f fb fd 00 00 
00 80 00 ff 40 ff 00 00  00 a0 c6 ff 32 fb 00 00 
00 00 48 ff 02 ff 00 00  00 00 d2 fb 55 af 00 00 
00 00 a8 fe 4a df 00 00  00 00 8e bf a5 b7 10 00 
00 00 48 ff b0 f7 00 00  00 00 81 ff 78 fe 00 00 
00 08 00 fd 31 9b 00 00  00 00 62 ff 2d a7 00 00 
00 00 24 fc 48 ef 20 00  00 00 22 ef 00 bf 00 00 
00 00 aa fe 4d fd 00 00  00 00 40 f7 d0 ff 10 00 
00 00 29 ff 2e f7 00 00  00 00 85 f7 37 df 02 00 
00 00 41 ff 40 77 80 00  00 00 99 af 84 b9 00 00 
00 00 5c ff 41 ff 00 00  00 00 00 fe 63 bf 00 00 
00 00 d2 ff a6 7d 00 00  00 00 c2 ee 48 f9 00 00 
00 00 88 ef 50 77 00 00  00 00 73 ff 54 ff 11 00 
00 00 44 ff 51 ee 00 00  00 44 a4 ff 9a bf 02 00 
00 00 81 bd c6 db 00 00  00 00 22 ef c5 7b 00 00 
00 00 04 ef 52 ff 00 00  00 00 93 fe 65 df 08 00 
00 00 05 7b 24 ef 00 00  00 00 01 bf 30 96 10 00 
00 00 50 fe 80 dc 00 00  00 00 c8 bf 59 6f 01 00 
00 00 42 fd 56 7d 20 00  00 00 0e 5f 08 bf 01 00 
00 00 05 f7 b8 ff 08 00  00 00 80 ff 71 9f 04 00 
00 00 20 de f7 ff 00 00  00 00 01 ff f9 fb 04 00 
00 00 a4 e9 40 ff 00 00  00 00 03 fd 18 f5 00 00 
00 00 08 7b 4e ed 00 00  00 00 20 ff bc fd 00 00 
00 00 38 ff b8 ff 08 00  00 00 30 ed 6e 52 00 00 
00 00 10 ff b5 f9 00 00  00 00 77 ef f0 ef 00 00 
00 00 e6 b5 92 3f 00 00  00 00 80 ef 81 fd 00 00 
00 00 40 cb 4e d7 00 00  00 10 05 fb 74 5f 00 00 
00 00 29 bf 3f ff 00 00  00 00 29 7f cd dc 10 00 
00 00 00 d6 ae ff 10 00  00 00 03 f7 eb 67 00 00 
00 00 1c ee a0 df 00 00  00 00 80 ff 57 be 00 00 
00 00 00 f9 35 37 00 00  00 00 53 7e 20 9f 00 00 
00 00 88 ff b5 d7 08 01  00 00 c8 ff ee f7 00 00 
00 00 2a df f0 ae 00 00  00 00 20 ff 58 f7 40 00 
00 00 05 ff 95 ff 00 00  00 00 09 df 6e fd 00 00 
00 00 88 3f d2 bf 00 00  00 00 a9 ff fc 37 00 00 
00 00 58 ff 5a ee 00 00  00 00 a9 7b ae fa 00 00 
00 00 20 db 48 7f 00 00  00 00 00 ff 59 ef 00 00 
00 00 34 d3 1b ff 12 00  00 00 b5 bf 00 e9 00 00 
00 00 45 ff 46 ff 20 00  00 00 c5 f3 a0 ff 10 00 
00 00 20 dc 84 e7 00 00  00 00 10 7d c7 9f 04 00 
00 00 30 ff a6 ff 01 00  00 10 19 ff de bd 00 00 
00 40 82 7f bf df 00 00  00 00 09 9f 1b de 00 00 
00 00 a8 72 7c 27 00 00  00 02 16 cf be 77 00 00 
00 00 a3 7b 6b ff 00 00  00 80 c0 7f 2e fe 00 00 
00 00 23 ff d8 f3 00 00  00 00 12 7d 96 fb 00 00 
00 00 41 6f 49 fd 05 00  00 00 06 fb 1c bb 01 00 
00 00 80 ff 31 ff 40 00  00 10 c7 dd 3e f7 06 00 
00 00 8d bd 06 3f 00 00  00 00 88 ff 05 f9 00 00 
00 40 76 ff cc fe 08 00  00 00 92 ef 3e cd 08 00 
00 00 2c ef 27 df 08 00  00 00 81 ff 3b f5 00 00 
00 00 04 ff 03 df 00 08  00 80 c4 47 ab ff 10 00 
00 40 8c ff b1 9f 00 00  00 00 5d ff 52 ff 00 00 
00 00 0c ff 44 fb 00 00  00 00 0b fb 3a 5e 00 00 
00 00 74 f5 40 ff 00 00  00 02 11 ef 32 ff 00 00 
00 0a cb f7 bc db 90 00  00 00 58 4d 5e fb 00 00 
00 00 2a ff c4 77 00 00  00 00 85 af a0 f3 04 00 
00 00 06 ff be fe 08 00  00 00 4a ed 90 f5 04 00 
00 00 02 bf d4 cf 00 00  00 00 03 ff 8c 7f 00 00 
00 08 00 fb 84 f7 00 00  00 00 d6 ff d6 fd 00 00 
00 02 05 f9 d6 ff 00 00  00 00 99 ff 3f fe 80 00 
00 00 a8 fb 3c fe 00 00  00 00 82 ff cb c7 00 00 
00 00 47 ff 36 7d 00 00  00 01 cc ff 9f 3b 00 00 
00 00 32 fd 2a f7 00 00  00 00 14 ef 76 d7 00 00 
00 00 a5 fe 82 77 10 00  00 00 23 ff b0 f5 30 00 
00 00 09 bf 05 6d 00 00  00 00 28 f5 47 7e 00 00 
00 00 22 ff 42 7e 00 00  00 80 88 7f 20 aa 00 00 
00 00 82 ff 08 f7 00 00  00 00 05 3f 87 fe 00 00 
00 00 3f df 18 bf 00 00  00 00 41 ef 6e fe 00 00 
00 00 b0 af 30 fd 00 00  00 00 18 ff c2 19 00 00 
00 00 b0 4f 54 5f 00 00  00 00 44 f7 c4 ff 00 00 
00 00 26 f5 13 87 41 00  00 00 98 6e 36 eb 80 00 
00 08 10 d6 ef fa 00 00  00 00 0a 4f 32 6f 00 00 
00 00 41 fb b4 be 00 00  00 00 c1 ff a6 bf 00 00 
00 00 02 ef 04 9f 00 00  00 00 09 5f b0 b3 00 00 
00 00 25 ff 19 ff 40 00  00 00 01 ef 18 ee 80 00 
00 00 20 be b0 e9 00 00  00 00 88 fc 00 ff 00 00 
00 00 c2 ef 3e 4e 00 00  00 00 d0 f7 26 df 00 00 
00 00 d8 ff 8e bf 00 00  00 00 4a ff c8 ee 00 00 
00 00 88 ef 18 fd 00 00  00 00 0d f7 40 59 00 00 
00 00 00 e7 2e bb 00 01  00 00 e4 fd 24 e7 00 00 
00 00 44 db c2 76 00 00  00 00 28 5e 90 ff 00 00 
00 00 40 af a4 75 00 00  00 00 12 ff 6a ef 80 00 
00 00 09 ff 60 df 00 00  00 10 8c ff 34 cb 00 00 
00 00 05 bf 47 cd 00 00  00 00 20 f7 d5 fb 00 00 
00 01 31 fd 45 ff 00 00  00 00 81 ff c5 f7 00 00 
00 00 34 f7 e0 7f 80 00  00 00 48 ff 65 35 00 00 
00 00 98 bf 02 7f 00 00  00 04 30 5e 0c ee 00 00 
00 04 87 ef e1 f8 02 00  00 20 dc bf fc bf 00 00 
00 00 1c f9 79 fe 00 00  00 00 61 ef 28 e3 02 00 
00 00 12 7f 84 d2 00 00  00 40 27 fb bc e7 00 00 
00 00 a3 fd e3 7f 00 00  00 00 17 f5 27 fe 00 00 
00 01 94 7e 10 76 00 00  00 00 4c 59 d3 ce 00 00 
00 00 18 fb 68 6d 00 00  00 00 8a df 68 ee 00 04 
00 00 60 ff cd ff 00 00  00 00 11 fb 52 ff 02 00 
00 00 01 bf 68 fa 00 00  00 00 42 ff e4 ef 00 00 
00 00 64 dd d3 7b 00 00  00 00 05 ee dc ff 80 00 
00 00 80 ff e3 fe 00 00  00 00 1b ff 81 de 81 00 
00 00 89 ff 94 f6 00 00  00 00 10 ff a2 f7 20 00 
00 00 30 fb 08 6f 00 00  00 00 85 ff a9 f3 00 00 
00 00 22 3f 52 bf 00 00  00 00 92 fe 03 fe 00 00 
00 00 84 ff 38 bb 00 00  00 00 8c ff 50 63 14 00 
00 00 49 a7 55 dd 00 00  00 00 f2 ef 1e fe 00 00 
00 00 23 d7 a4 e5 00 00  00 00 23 df 05 ef 00 00 
00 00 82 fe 1c 7d 00 00  00 00 02 ef e8 5f 00 00 
00 00 01 ff ed 7f 00 00  00 00 d0 9f 7b f7 20 00 
00 00 08 7d 12 fe 00 00  00 00 04 fd 08 dd 00 00 
00 00 4e cf 38 d9 00 00  00 40 b7 ff 09 fa 00 00 
00 00 30 df cd bd 00 00  00 00 06 ef c1 6f 00 00 
00 00 c1 fd 61 7b 00 00  00 00 45 fe 74 7f 06 00 
00 00 06 ff 32 f5 01 00  00 00 0b f7 39 71 00 00 
00 20 a8 ef a6 bb 00 00  00 00 83 ff 04 fb 00 00 
00 04 2f af 16 ff 01 00  00 00 06 ff 4e df 40 00 
00 00 4e ff df dd 00 00  00 00 58 db 04 f7 00 00 
00 00 20 dd 7e bc 00 00  00 00 63 7f 8c fd 40 00 
00 00 20 fd 77 77 00 00  00 00 00 ff 18 dd 00 00 
00 00 92 ff 95 ff 08 00  00 04 10 ff f1 ef 08 00 
00 00 02 ff 78 df 00 00  00 08 96 df 45 fe 00 00 
00 00 28 ff 7d b9 00 00  00 00 03 ff 3a 9f 40 00 
00 80 73 fe 0d ff 00 00  00 00 64 df 1f 7f 41 00 
00 00 00 fb 1f ff 08 00  00 40 d8 ff 10 7e 00 00 
00 00 78 bf f1 bf 00 00  00 00 10 ff 08 ff 00 00 
00 00 82 de 0f fe 00 00  00 00 13 fb 00 d9 80 00 
00 00 0e fd b7 78 00 00  00 00 36 bf 2a e6 84 00 
00 00 40 af 60 df 00 00  00 00 db ff 88 ef 00 00 
00 00 66 7f 08 ea 40 00  00 00 5c bd 50 fe 08 00 
00 01 a6 ff 08 ff 00 00  00 00 05 ff e0 df 00 00 
00 00 df f7 60 f7 00 00  00 08 03 fd 81 cf 04 00 
00 00 24 fe d2 7e 01 00  00 00 63 ff ea fa 04 00 
00 00 91 db 20 cf 00 00  00 00 0c ff 23 f3 00 00 
00 00 0b df c1 fd 00 00  00 00 0a ef 0e 7a 40 00 
00 00 d0 fd b1 ff 00 00  00 00 6a df 03 9f 00 00 
00 00 40 ff a0 f2 00 00  00 00 10 df ba 7f 04 00 
00 00 78 ff 60 fe 00 00  00 00 ec ff 29 fb 00 00 
00 00 79 5f f8 59 40 00  00 00 a1 fe d2 f7 08 00 
00 00 71 ff b1 7f 00 00  00 00 41 ff 77 fe 00 00 
00 00 8a af 12 ee 00 00  00 00 19 ef d1 df 00 00 
00 10 97 ff c0 3b 00 00  00 00 64 7f 06 9d 00 00 
00 00 04 db f2 5b 10 00  00 00 0c 3f 02 7f 00 08 
00 00 28 b7 4d 97 00 00  00 00 b0 bf 84 7f 00 00 
00 00 0b ff 07 3e 00 00  00 00 45 f6 32 d3 00 00 
00 02 15 75 cd 5d 00 00  00 00 e0 ff 68 f7 00 00 
00 00 4b ff 25 fc 00 00  00 00 73 9b 82 df 00 00 
00 00 02 fb 60 5f 08 00  00 00 98 db b7 ff 00 00 
00 00 13 f0 94 e9 00 00  00 04 08 ef 95 df 00 00 
00 00 25 bf b5 bf 00 00  00 00 62 7f aa 75 00 00 
00 00 33 ff 2f fb 00 00  00 00 91 fd 44 ff 20 00 
00 00 66 fb 10 ff 01 00  00 00 d0 ff e4 fd 00 00 
00 00 41 ff 11 da 04 00  00 00 f2 ff 25 ef 00 00 
00 00 42 f7 3c 7f 05 00  00 00 10 ff d0 fa 00 00 
00 00 f1 ef 13 ef 00 00  00 00 25 73 16 56 00 00 
00 00 e0 ff ce dc 00 00  00 00 1a 3f be 3b 00 00 
00 10 08 ff 0f de 40 00  00 40 5c ff 65 af 08 00 
00 00 3a ef 4e 7f 80 00  00 00 02 fb e8 fd 00 00 
00 00 02 ea 08 af 00 00  00 00 51 ff 10 fc 00 00 
00 00 0a ff 26 db 00 00  00 00 18 bf ec d3 01 00 
00 00 18 ef 1a ce 00 00  00 00 51 7f 62 ed 01 00 
00 00 23 fe 12 f6 00 02  00 00 06 ff 3c f7 10 00 
00 42 0c fb b0 fd 40 00  00 00 40 fe 7b 7f 00 00 
00 00 cf bb 40 df 00 00  00 00 84 ff 55 74 00 00 
00 00 84 b5 e9 f7 00 00  00 00 42 3f e2 ef 01 00 
00 00 21 ff c1 bf 10 00  00 00 7a ff 12 ef 0a 00 
00 00 1b fb 01 ff 04 00  00 00 86 df 98 ed 00 00 
00 40 04 ff 1b 3f 10 00  00 00 80 fb 84 7f 00 00 
00 00 27 fd 06 fb 01 00  00 00 8a ff 38 ff 00 00 
00 00 0b ff 43 f5 00 00  00 00 01 fb 77 fe 00 00 
00 00 30 ff 09 fe 00 00  00 00 20 ff 25 ff 00 00 
00 00 8e fe 32 a7 01 00  00 00 81 ff 33 ff 00 00 
00 00 30 af 55 bf 50 00  00 08 a1 bf d8 fd 00 00 
00 00 80 4e b1 58 00 00  00 00 c3 cf 12 d7 00 00 
00 00 08 bf e1 6f 02 00  00 00 64 ff 44 e5 00 00 
00 00 10 bf 57 ff 00 00  00 00 68 ff e9 ff 00 00 
00 00 30 fb 0d 7f 01 00  00 00 10 ff 7c ff 00 00 
00 00 6a af 9f f6 00 00  00 00 4e f7 d5 3f 00 00 
00 00 0b fe 12 ef 00 00  00 00 86 ff 08 7f 00 00 
00 00 82 3f 8f ff 00 00  00 00 42 ff ce dd 20 00 
00 00 21 37 40 e3 00 00  00 00 48 df 72 f5 00 00 
00 00 80 f7 54 ff 04 00  00 00 b9 f7 93 f7 00 00 
00 00 f0 fe 42 fd 00 08  00 08 f5 7b 73 fe 00 00 
00 40 18 eb 1e fe 00 00  00 02 45 7f d6 ff 00 00 
00 00 33 57 80 ef 40 00  00 00 8c fe 08 7f 00 00 
00 20 4e ff 43 0d 02 00  00 00 26 ff 85 5f 00 00 
00 00 18 7e 20 67 00 00  00 00 19 fb 9a d3 02 00 
00 10 43 7d be e3 00 00  00 00 82 cd e6 fd 00 00 
00 00 64 ff 92 e6 00 00  00 00 0a fe 6e 7f 00 00 
00 00 7a ff 2b ff 00 00  00 00 a3 fd 65 ee 00 00 
00 00 83 ff 9d de 80 00  00 00 38 ef dd ab 04 00 
00 00 50 ff d1 df 00 00  00 00 8b ff a2 fe 00 00 
00 80 24 ff ba f9 00 00  00 00 9c ff 40 69 00 00 
00 00 10 ff 5a d9 00 00  00 00 10 ff 43 af 00 00 
00 00 28 ff 5e bd 00 00  00 00 84 a7 4d fc 00 00 
00 00 41 fb e2 ed 00 00  00 02 1b ff 03 64 00 00 
00 00 70 ff c8 f9 10 00  00 00 25 be db fe 00 00 
00 00 22 ff 06 0f 10 00  00 00 58 df d7 fd 00 00 
00 00 43 6d 19 ef 00 00  00 80 e0 fe fe ff 00 00 
00 00 24 7f 61 af 00 00  00 00 8a 7f 18 fb 00 00 
00 00 0b 5f 3e 7f 00 00  00 02 3a ff 12 fe 00 00 
00 00 a4 ff 26 fe 00 00  00 00 40 ff 3b ef 22 00 
00 00 a6 ee a8 9e 08 00  00 00 18 ff fa df 0c 00 
00 00 70 ff f3 ff 00 00  00 40 01 7f f9 ff 00 00 
00 00 81 f7 40 67 00 00  00 00 c1 f1 36 5b 00 00 
00 00 24 ff 86 cf 00 00  00 00 8f 7e af df 00 00 
00 00 42 dd 42 ff 00 00  00 00 38 fe 35 e3 00 00 
00 01 15 ff 80 ff 00 00  00 00 01 df 05 7d 00 00 
00 00 02 ff 2a 9d 00 00  00 01 b0 f7 41 ff 00 00 
00 00 9d fd 98 f9 00 00  00 01 20 af fb f7 00 00 
00 10 41 da 87 af 00 00  00 00 88 fe 93 7f 10 00 
00 00 cf ff 3f f7 40 00  00 00 20 ff 32 bb 00 00 
00 00 16 ff 54 dd 10 00  00 00 00 ff 38 fa 00 00 
00 00 49 ff c0 6e 08 00  00 00 0b 7f 04 db 00 00 
00 00 94 7a a9 bf 00 00  00 40 e8 fb 24 ee 00 00 
00 00 a7 7f 3a 77 00 00  00 00 80 de 64 e6 08 00 
00 00 43 7f 4e fe 00 00  00 40 05 d7 ad df 00 00 
00 80 77 ff b2 d3 42 00  00 00 a2 df 24 fe 00 00 
00 00 84 fb ed 7f 00 00  00 00 40 bf de 5b 00 00 
00 80 92 ff 1c de 00 00  00 00 c0 ef 38 cb 00 00 
00 00 3b ff c9 f7 00 00  00 40 a1 df 80 f7 00 00 
00 00 18 ff a4 fe 00 00  00 00 c8 ff 9d 7f 00 00 
00 00 a4 ff 2e df 00 00  00 00 34 7f b4 ff 01 00 
00 00 0b f6 a3 ff 00 00  00 02 c0 ff 05 fa 00 00 
00 00 1c 6f 3a df 02 00  00 00 2b df d5 ff 00 00 
00 00 b4 bf 22 ee 00 00  00 00 a0 ff e9 bf 21 00 
00 00 58 ff c2 ff 00 00  00 00 02 ff 33 ff 00 00 
00 00 c4 ff 0a 7f 00 00  00 00 07 cf 82 bf 08 00 
00 00 c0 ef f5 67 00 00  00 00 04 ff 08 ff 04 00 
00 10 c8 ff 60 ff 00 00  00 10 01 7f 19 fe 00 00 
00 00 04 fe 63 ff 00 00  00 00 10 ff 55 3f 80 00 
00 00 72 ff 2c ba 00 00  00 00 95 6c 20 f7 02 00 
00 0b 2a ff 40 fb 00 00  00 00 42 ff 15 df 00 00 
00 00 a4 7e 43 b7 00 00  00 00 51 ee 93 ff 04 00 
00 00 80 fe b0 6f 00 00  00 10 30 ff e5 1f 20 00 
00 40 84 ff d2 dd 01 00  00 00 12 ff ee 7f 00 00 
00 00 4a ff 02 ef 00 40  00 00 a4 eb 53 7f 00 00 
00 00 40 ff 16 af 00 00  00 00 05 ff 77 7d 02 00 
00 01 29 f2 5a ff 00 00  00 00 cf 5f e6 ff 20 00 
00 00 b3 ef 32 6f 80 00  00 00 a7 7f ba fa 00 00 
00 00 60 f4 d1 ff 00 00  00 00 05 7f 33 f7 00 00 
00 40 30 bf 44 df 00 00  00 00 00 ef 15 be 30 00 
00 00 13 ff ff 7f 00 00  00 00 71 bf 67 ef 00 00 
00 80 32 ff 80 7f 90 00  00 00 82 b7 b4 df 00 00 
00 00 0c bf 89 ee 00 00  00 00 44 fb 3b b9 80 00 
00 08 5c f7 bc fa 00 00  00 00 10 bf a1 d7 00 00 
00 00 80 bf 2d f7 00 00  00 00 50 ff e9 7f 00 00 
00 00 ce ff 97 b5 01 00  00 00 94 ff 09 ff 00 00 
00 00 2a fe 0a 3f 20 00  00 00 16 f5 ca 5a 00 00 
00 00 91 ff 74 d9 01 00  00 80 28 ee b7 dc 02 00 
00 00 44 fe 22 fd 00 00  00 02 24 7f 9c 85 00 00 
00 00 50 fa 3b 77 00 00  00 00 51 ef c1 77 00 00 
00 00 58 be 76 ad 20 00  00 08 58 ed 96 ff 00 00 
00 00 c1 7f 0c 77 00 00  00 00 94 be b9 df 00 00 
00 00 b9 ff 27 d4 00 00  00 00 84 ff 94 ff 50 00 
00 00 80 ff 80 df 00 00  00 00 ee bf ad 3d 00 00 
00 00 62 ff 4f c6 00 00  00 00 00 7f 0a fc 00 00 
00 00 09 df d2 ff 00 00  00 00 26 df e4 ff 02 00 
00 fa 04 3e 12 e8 02 04  20 ff 00 ca 00 3f 00 0a 
00 bd 00 1f 00 fe 02 41  00 e4 09 cd 08 af 04 00 
00 ed 0c be 00 ab 20 00  00 db 00 3c 08 d3 10 00 
00 92 41 fe 40 7b c0 00  00 70 00 be 00 50 00 00 
00 4a 00 ab 80 11 01 00  00 f3 00 97 00 bd 00 04 
00 51 08 7e 18 8e 10 10  00 a5 80 d1 04 7d 20 c0 
00 8f 01 69 32 e1 00 08  00 b9 00 f7 0c 4b 05 80 
00 ab 00 fe 02 79 00 18  00 6e 00 6b 04 0e 09 82 
00 77 00 5a 1c 18 04 00  00 65 10 db 00 58 01 00 
00 fb 00 8d 00 60 00 00  00 13 00 b2 00 d1 00 80 
00 49 01 f1 08 95 02 00  00 b7 01 59 00 05 10 20 
00 b0 00 5a 08 36 00 02  00 b6 00 fb 50 6f 00 06 
00 c8 00 7c 00 9d 00 0a  00 bc 04 eb 11 8c 10 04 
00 57 00 b9 80 0e 00 04  00 ea 00 89 42 8e 01 03 
00 9b 00 6d 01 c5 02 00  00 a1 00 b9 a0 f9 00 00 
00 9e 00 6c 41 fc 04 00  00 35 00 9d 00 2c 10 00 
00 97 20 fb 04 c3 20 02  00 f3 00 cb 10 be 00 23 
00 d6 00 cf 90 e6 00 00  00 e9 02 d7 a9 11 00 10 
00 7c 00 5b 00 79 0a a8  00 7d 40 aa 20 46 00 06 
00 3a 02 a7 00 ff 0a 00  00 2e 00 27 14 f1 04 04 
00 bf 00 5b 00 12 00 02  00 f0 00 94 e0 0f 01 08 
00 7e 00 f3 20 96 00 00  00 fb 00 be 08 de 00 04 
00 45 00 ff 00 6f 02 03  00 7d 40 e5 80 6d 08 10 
00 eb 00 df 00 fe 48 02  00 e3 00 f9 01 cb 00 12 
00 06 30 e7 00 dd 00 02  00 3f 04 6a 00 ce 06 04 
00 c7 20 ff 00 cd 00 c0  00 8b 00 9e 20 3b 00 24 
00 86 00 f1 04 ca 04 08  00 81 00 fc 00 04 00 60 
00 b6 00 7e 40 1d e0 82  00 77 00 36 00 6b 8a 88 
04 f3 00 89 00 43 80 60  00 cb 00 f5 00 96 00 14 
00 ff 01 fd 02 f7 80 02  00 fd 01 ae 40 1c 00 03 
08 de 00 ee 00 eb 2b 20  00 75 00 d6 02 21 20 00 
00 7d 00 69 00 ae 40 01  00 9a 00 af 01 39 85 90 
00 fe 00 ff 40 4f 00 12  00 cc 01 ee 00 4d 80 01 
00 ff 00 f5 00 0b 00 20  00 ec 00 4e 01 da 14 08 
00 a3 00 fb 13 55 01 08  00 32 01 ff 02 c3 e0 61 
00 d3 01 d7 00 53 02 10  00 9d 08 37 01 84 10 70 
00 fd 00 71 00 e0 00 88  00 77 80 33 00 9c 80 15 
00 2f 04 de 00 f8 00 80  00 fc 00 cb 80 0a 02 14 
00 ee 48 63 00 d0 34 00  00 ff 00 ef 00 61 10 22 
00 e9 00 7f 00 99 00 0c  00 de 00 e7 11 12 00 01 
00 5d 08 fb 84 15 20 10  00 e3 03 de 20 ae 00 00 
00 ce 00 78 40 56 50 10  00 51 00 fb 00 17 09 02 
00 b0 22 7e 80 11 00 80  00 1e 06 07 00 62 04 04 
00 e3 00 d9 08 de 00 20  00 4a 00 43 10 0f 00 30 
00 7d 00 1c 00 77 00 00  00 af 80 f0 09 07 00 00 
00 69 00 7f 00 08 00 20  00 b9 00 ab 00 7c 80 00 
00 f6 00 de 00 90 02 00  00 07 00 b5 00 ee 00 9d 
00 67 02 9f 02 17 01 80  00 df 00 fb 00 b3 01 40 
00 cc 01 3a 00 13 ec 02  00 66 00 5f 11 fc 02 02 
00 e4 00 77 08 b0 00 15  00 49 00 8f 00 c3 00 00 
00 ff 00 19 01 16 80 00  00 cf 50 37 06 d5 04 83 
00 4d 00 ef 08 fa 02 01  00 ee 00 fc 00 91 30 98 
00 9e 00 fe 00 36 00 a0  00 ea 00 f5 06 f1 00 04 
00 7b 02 2b 02 d2 02 c8  00 7d 84 7b 00 dd 00 22 
00 6a c0 ff 84 ec 00 02  00 90 00 4d 00 1c 09 27 
00 f7 00 cb 00 04 10 12  00 bc 00 bb 00 56 00 20 
00 d6 00 70 a0 ec 40 80  00 5e 00 ba 00 b7 2c 08 
08 f2 00 e5 04 07 32 60  00 c7 00 12 00 6d 00 10 
00 89 00 e3 01 4d 00 60  00 74 80 7e 04 83 20 10 
00 a9 04 ed 00 90 00 00  00 f6 10 c6 00 ce 04 20 
00 bf 00 c2 90 e7 09 00  00 bf 00 e8 00 9d 00 0c 
00 68 00 5b 00 e6 00 00  00 af 00 a8 41 c9 04 16 
04 3f 40 b3 00 c7 00 40  00 77 00 fc 00 4b 00 00 
00 f4 00 5f 44 89 80 02  00 2b 08 7f 01 eb 40 80 
00 37 20 6b 00 22 20 18  00 bd 00 ef 02 6a 00 04 
00 a5 00 91 10 8f 00 00  00 17 00 ed 20 bf 00 00 
00 77 44 5c 00 fc 00 50  00 ba 00 f9 00 3f 00 00 
00 7f 00 7f 40 9b 00 01  40 7a 00 4f 01 4e 00 30 
00 ec 00 e7 11 e3 09 00  00 f9 00 f7 00 cb 04 21 
00 b7 00 1e 00 ee a2 14  00 5f 00 f0 10 fe 00 00 
00 b1 00 6d 10 7b 80 00  00 7e 20 bf 04 e8 21 08 
00 b2 00 7d 00 9d 00 44  08 cd 00 d3 03 81 04 00 
00 de 02 bf 01 e7 14 80  00 d3 00 07 90 ec 40 e0 
00 7b 41 fb 00 13 01 8c  08 0a 01 6d 24 7b 00 80 
00 62 00 d6 20 cb 00 84  00 f2 04 ed 20 f9 12 04 
00 9f 02 8e 00 c4 10 04  04 fc 00 b1 00 e1 02 02 
00 3b 40 bd 10 28 00 00  00 eb 00 d7 01 db 60 08 
00 df 00 99 08 7f 00 04  00 ff 04 ff 00 27 30 10 
00 b9 00 7b 04 c6 03 08  00 a3 40 95 08 64 41 0c 
00 b5 00 3b 00 7b 04 04  00 c6 00 1e 00 49 60 0a 
00 9f 10 76 00 2d 20 02  00 f7 00 ee 02 ef 40 0a 
00 b7 00 ff 10 79 48 82  00 fb 00 fb 40 54 0a 42 
00 bf 48 6e 18 9f 10 00  00 9e 00 ed 21 16 20 08 
00 3d 04 77 40 59 01 02  00 3f 00 d7 00 17 00 00 
00 7e 00 d5 00 22 00 10  00 fa 08 ff 08 2b 11 41 
00 9d 00 6e 90 8e 10 80  10 7b 01 be 80 b9 22 19 
00 b7 00 df 00 07 41 04  00 bf 00 9f 00 71 20 00 
00 fb 00 ff 02 8b 05 0a  00 b7 00 fa 88 0d 00 7c 
00 ef 00 79 10 3c 20 20  00 77 0c 6d 00 61 00 85 
00 62 00 bf 00 d3 01 81  00 55 02 2c 01 56 00 00 
00 7e 02 ca 08 8d 04 40  00 bf 00 7c 01 4e 10 00 
00 57 24 1f 60 43 20 00  00 51 04 ea 50 20 20 20 
00 e7 40 77 00 a4 00 60  00 f5 08 dd 04 21 00 10 
00 c7 00 f3 00 ef 80 18  00 e3 40 ef 00 d9 89 28 
00 bf 00 b7 20 94 00 00  00 5f 40 bf 00 d9 00 04 
00 2e 44 f6 03 e3 00 00  00 97 10 ba 04 e4 00 40 
00 f9 00 bc 01 3e 00 08  00 33 00 71 42 8e 00 10 
00 5f 00 4f 00 96 00 22  00 06 80 de 80 3c 00 00 
00 9f 00 df 08 7d 80 00  00 1f 00 eb 00 74 00 04 
00 d3 11 dc 20 09 09 20  00 7a c0 d6 00 d1 00 40 
80 d7 04 cf 04 d2 03 08  00 c9 00 bb 00 7c 04 c0 
00 2f 0c d1 00 57 10 02  00 cf 00 6c 04 2e 00 2a 
00 6e 20 eb 12 ff 00 00  10 76 00 7f 00 13 00 00 
00 71 41 b9 04 3a 00 a0  00 3f 00 f2 10 f8 40 00 
00 31 00 18 00 3a 10 00  00 39 04 53 00 b1 11 08 
02 3d 00 b9 00 6d 00 10  00 ff 80 c8 00 91 00 84 
00 4a 00 ee 10 0c 20 02  00 b6 00 d9 00 d3 02 01 
00 bb 00 ba 10 1f 00 00  00 ec 00 78 28 58 c0 34 
00 71 00 f7 00 42 00 00  00 f7 00 97 00 d1 00 00 
00 7c 04 b1 00 a8 00 00  00 0d 40 e9 01 0a 13 20 
00 2f 00 22 80 f9 10 2c  00 5d 00 87 00 ac 14 40 
00 fa 00 56 02 eb 51 00  00 85 01 fb 20 d1 00 40 
00 ee 20 db 4c 5a 20 02  00 f3 01 fa 28 5b 04 00 
00 43 04 87 00 b5 00 82  00 9f 00 80 04 94 00 08 
00 54 00 bd 10 d5 00 35  00 7e 00 93 80 be 00 10 
00 33 00 31 00 79 81 00  00 f8 00 e9 10 34 00 60 
00 af 01 ab 20 85 04 00  00 fe 00 cd 04 0e 0c 01 
00 a1 40 ef 00 ca 00 48  00 6f 10 8f 00 9b 14 92 
00 e3 12 e5 00 be 00 04  00 bc 00 d7 10 70 0c 44 
00 b5 00 95 00 04 10 41  00 ea 00 1f 00 5c 00 24 
a0 f1 08 ac 00 36 82 08  00 a7 40 cc 00 28 01 08 
01 b5 04 ff 50 2e 22 00  08 e8 00 6e 00 c4 00 07 
00 c6 00 dc 90 2d 00 04  00 de 80 c0 00 ec 00 01 
02 f1 00 9f 10 25 10 00  00 fd 00 ef 01 75 00 02 
00 df 00 9a 00 9a c2 00  00 7e 40 fd 00 0a 00 25 
00 d6 00 c6 04 31 80 00  80 c2 05 fd 40 d4 00 50 
04 cf 08 52 00 75 02 18  00 57 00 9a 00 9c 20 04 
00 f1 40 ee 00 7f 88 08  00 5e 00 77 00 54 06 00 
00 ef 08 77 80 0b 01 00  40 ff 42 fe 00 c7 00 41 
00 9b 00 7f 00 5c 08 0c  00 9f 00 f0 80 b1 02 00 
00 2f 00 bb 41 a5 00 48  00 d8 40 e6 00 e8 04 00 
00 e3 40 6e 80 34 02 02  00 1d 00 7b 00 23 21 00 
00 fd 00 35 04 1e 50 18  00 ab 00 7d 08 53 02 00 
00 e7 00 c9 00 aa 00 49  00 f6 00 7f 08 54 22 13 
00 f7 00 6e 02 31 04 02  00 57 00 2b 00 74 00 48 
00 fe 00 de c0 ab 00 64  00 33 01 d0 00 55 00 10 
00 bf 00 b7 00 fa 21 00  00 5a 00 ab 08 0b 03 20 
00 97 00 c3 00 dc 00 40  00 ea 50 ff 00 5e 04 00 
00 ee 40 9f 02 57 00 03  00 1e 20 f9 00 74 00 88 
00 29 20 dc 00 3c 02 80  00 fb 20 b6 00 5b 11 02 
00 bb 00 fa 00 85 00 0c  00 f0 00 6c 00 20 00 04 
00 d6 04 38 00 33 00 d0  00 df 00 cf 00 44 00 c4 
00 f1 00 66 00 b8 00 00  00 3d 00 2e 00 d5 02 4c 
00 e1 00 ff 10 95 01 00  40 66 00 f5 00 6b 08 04 
00 5d 00 7f 04 9e 01 01  00 50 04 8b 08 6b 42 00 
00 bd 00 ce 00 98 40 04  00 bd 00 8e 00 ca 10 00 
00 f9 02 9f 00 ba 00 13  01 ea 00 f3 40 ce 00 00 
00 f2 00 d5 20 d3 00 41  00 ef 80 35 20 9c 00 00 
00 69 10 fe 32 ea 02 14  00 7f 00 af 80 0d 0a 11 
00 3c 00 cb 00 0b 82 2c  00 0f 40 bf 00 76 00 00 
00 ce 00 f1 00 1f 08 82  00 65 00 57 00 fd 00 10 
00 7e 01 ce 00 41 22 08  00 7f 08 61 80 ee 10 01 
00 8b 00 c0 00 45 01 85  00 f4 00 c5 00 70 00 00 
00 b9 00 ed 00 ca 00 40  00 61 01 74 04 5d 84 00 
00 3f 80 bb 00 7a 00 00  00 9f 08 76 12 47 00 00 
00 d4 04 cd 00 45 00 00  00 db 18 d3 00 cc 04 12 
00 9e 01 c9 04 19 11 40  00 18 00 47 00 56 00 10 
00 ca 08 6d 40 bb 01 06  00 87 00 73 80 06 10 00 
00 f9 10 cb 04 d2 08 81  00 f7 00 4e 00 fc 02 20 
00 7b 90 06 00 ea 04 08  00 2d 50 c8 00 bd 00 80 
00 27 60 fb 24 b6 20 24  20 27 00 f3 30 99 0c 8c 
00 1f 00 3f 44 e3 01 00  00 80 00 2d 00 7e 0a c2 
00 f5 00 af 00 cb 88 02  00 4a 00 f7 08 95 60 54 
00 aa 00 d9 65 24 00 0c  00 27 00 fe 00 85 24 04 
00 5a 03 ff 00 da 00 10  00 fd 00 ff 80 8b 00 04 
00 5f 80 bf 20 b7 00 80  00 e1 00 ae 00 c8 30 00 
00 1f 00 dd 00 d2 88 10  00 77 00 5a 02 0c a4 10 
00 31 00 a7 02 10 01 71  00 e7 20 9d 40 95 04 20 
00 0a 00 c9 01 ef 00 85  00 3a 00 3d 00 38 00 40 
00 dc 00 75 40 84 00 00  40 7f 20 ed 00 3e 00 18 
00 d7 00 80 00 06 10 00  00 ae 00 84 02 f1 00 10 
20 76 82 3d 0a 0f 00 d0  00 0b 00 d5 00 a8 20 00 
00 ad 00 ef 20 9d 41 50  00 a5 82 e7 01 11 00 80 
00 b1 06 d7 a0 63 00 00  00 55 80 7b a0 cd 41 4a 
00 75 00 ab 04 30 02 00  00 2f 00 37 04 17 00 20 
00 da 60 e1 48 10 40 00  00 3f 00 c1 2a 8d 00 44 
00 dd 00 7b 00 f1 00 44  00 77 00 fb 04 f4 00 92 
00 9c 80 37 02 f8 20 12  00 db 80 5f 00 bd 01 40 
00 df 08 a7 05 d1 90 00  00 f8 00 9f 00 57 10 08 
00 3f 02 56 08 dc 45 08  00 f7 00 9d 20 e4 00 20 
00 9e 00 0f 08 23 84 81  00 c7 54 fa 00 2f 02 1c 
00 cd 00 b7 20 c7 00 10  00 97 00 c7 00 e2 c0 04 
10 92 20 ec 03 57 00 00  20 ea 00 fd 18 bd 00 00 
00 cf 10 7f 00 55 80 04  00 f3 01 f5 02 d7 08 08 
00 ef 00 7b 20 7b 10 00  00 bb 00 eb 00 c7 40 61 
00 ff 20 7f 04 a5 00 05  00 79 00 de 30 bc 40 04 
00 7a 20 70 00 27 03 10  00 dc 00 2a 00 e4 04 00 
00 bd 00 97 21 7b 00 08  00 ba 00 db 00 45 10 00 
00 da 00 24 08 ea 00 00  00 7e 00 ea 00 62 40 00 
00 ad 00 f6 01 37 02 10  00 fd 20 eb 40 8d 02 00 
00 8d 01 c7 00 21 08 00  00 b1 00 1f 00 0e 00 00 
00 e8 24 f0 62 fa 82 20  00 de 00 cb 41 38 00 40 
00 fb 00 9d 00 9e 08 82  00 f3 10 b7 00 ce 00 00 
00 fa 04 cd 02 e5 10 12  00 1e 00 ff 81 8b 00 04 
00 84 00 ff 80 ed 00 40  00 76 00 cd 40 9a 01 01 
00 6d 00 34 02 e6 00 23  00 eb 00 ba 20 2f 08 20 
00 be 00 fe 00 77 15 00  00 25 00 fd 08 c2 02 00 
00 d7 01 eb 82 aa 02 10  00 e1 80 57 08 3a 80 84 
00 ef e0 7e 00 fc 00 10  00 6d 00 0b 00 d2 08 00 
00 21 00 eb 40 5a 1c 00  00 74 00 b7 01 b7 0d 41 
00 ae 00 d6 4c 5b 00 00  00 f2 00 05 00 a6 90 00 
00 68 00 f6 10 11 00 00  00 de 00 52 02 71 80 2c 
00 ed 00 f2 01 93 90 00  00 cd 02 77 00 bb 18 00 
00 37 00 07 00 b3 40 00  00 e3 10 bd 00 84 00 20 
04 7f 00 d5 00 37 60 00  00 2e 81 d3 04 22 61 02 
00 dd 00 eb 84 7d 00 08  00 bd 20 0a 00 11 00 40 
00 34 00 06 08 78 00 42  00 7b 00 78 20 c2 00 02 
00 bb 02 af 00 21 00 01  00 78 40 47 00 dd 42 c0 
00 fb 80 ff 00 1f 00 04  00 bf 00 fe a0 e9 51 90 
00 fa 00 e7 c0 e7 00 50  00 31 00 bc 00 f4 00 40 
00 fc 01 79 80 bb 02 02  00 96 00 2a f2 da 43 00 
00 9d 01 ef 00 12 00 04  00 73 00 ab 09 6d 00 2a 
00 f6 01 ff 44 16 80 4c  00 bf 02 97 0e 69 00 00 
00 73 00 f7 00 b2 00 24  00 b9 00 76 10 f1 80 00 
00 55 18 df 00 af 00 40  00 6e 00 6a 00 49 00 40 
00 f6 00 fa 00 e4 20 20  00 b3 00 d3 00 c1 40 00 
00 bf 00 0a 80 66 01 00  00 8f 00 67 01 20 00 00 
00 ef 03 2b 80 bd 12 01  00 ff 00 c9 00 f0 04 40 
00 4e 02 d0 04 18 10 00  00 fc 00 5b 40 9e 80 80 
00 7b 00 76 01 d7 01 00  00 fe 00 ae 00 75 80 61 
00 79 80 72 01 2f 00 20  00 75 00 6b 00 70 00 00 
00 17 00 6c 80 da 00 00  00 e9 20 f5 03 a6 00 08 
00 da 00 e6 08 89 08 19  00 ec 00 8e 04 72 00 82 
00 6c 10 fd 00 df 00 80  00 e7 00 5f 10 0f 00 01 
00 ec 00 f7 0a 06 20 40  00 75 00 e0 20 ec 14 88 
01 ef 01 bf 00 27 1e 40  00 f3 20 f5 10 c7 00 08 
00 5f 20 73 00 92 00 02  00 b5 02 db 20 19 20 41 
02 57 20 1f 81 1f 40 25  00 fa 20 e7 02 36 10 00 
00 dd 01 ef 01 58 04 21  00 7d 00 bb 00 b5 88 80 
00 4d 20 e6 80 6e 04 81  00 b6 00 7f 01 b3 08 01 
00 22 00 db 00 aa 40 40  00 e3 00 d4 00 c0 90 08 
00 55 02 e8 20 55 00 00  10 69 00 14 04 5f 02 54 
00 5e 68 d3 11 01 00 00  00 ad 00 e3 00 1a 08 00 
00 8d 02 36 50 8b 00 04  00 b2 00 b5 04 aa 00 00 
00 5e 01 c9 00 57 01 02  00 9b b1 c6 05 22 41 00 
00 e9 00 3e 00 94 00 00  00 eb 00 7d 00 de 10 02 
00 b4 00 ea 00 01 c8 00  00 fe 04 79 00 bf 10 21 
00 db 00 c7 02 64 c0 01  00 7d 28 9f 00 7b 40 89 
00 2e 00 ec 14 14 00 00  00 de 00 67 00 7d 20 81 
00 af 00 a7 00 53 00 18  00 5c 04 ff 04 6d 10 05 
00 f9 00 e9 80 fa 00 8a  80 fb 00 ff 10 68 20 80 
00 f7 00 db 00 af 05 09  00 af 00 61 00 08 20 80 
00 bb 00 dc 02 99 00 00  00 ef 00 54 00 60 02 00 
00 e7 20 a8 42 4f 10 00  00 eb 00 75 40 4a 00 08 
00 af 00 fa 88 f5 80 08  00 ea 20 5a 08 93 00 08 
00 78 00 fb 40 2f 00 80  00 be 80 c8 04 8c 00 00 
00 67 40 b7 00 3d 00 02  00 a3 02 a4 00 65 01 02 
00 fc 00 9c 00 6d c0 00  00 65 01 e9 00 ae 80 91 
00 8d 00 c9 04 2f 20 00  00 47 02 b8 80 4e 80 04 
00 89 08 7f 18 89 40 00  00 77 05 cf 00 c7 20 42 
00 f9 01 eb 44 f8 08 50  00 6f 00 fb 00 d2 00 02 
00 a4 40 2a 45 68 04 08  10 bd 00 a4 00 ad 04 00 
00 2f 09 c9 00 1c 10 48  00 ef 02 cd 00 08 00 02 
00 c3 00 12 00 0a 20 04  00 bc 0a d5 00 03 21 08 
00 79 00 3e 00 f4 00 21  00 a1 40 c3 04 3d 40 80 
00 35 00 df 00 eb 00 00  00 8d 10 ea 20 e8 12 80 
00 00 59 ef e8 fb 02 00  00 00 48 fb 41 fe 00 00 
00 00 a8 ff 6a 6f 00 01  00 00 09 7f 41 ff 00 00 
00 00 93 fd 11 ef 20 00  00 00 dd ff 7b c4 00 00 
00 00 81 6f 06 bf 00 00  00 00 06 d7 22 ed 00 00 
00 00 4f ff 20 df 02 00  00 00 40 f7 9b ff 00 00 
00 00 a4 7f 01 fd 00 00  00 00 32 ff 38 db 00 00 
00 00 4d fe 5f 47 00 00  00 00 40 df f0 ff 00 00 
00 00 00 ff 64 df 00 00  00 80 94 fd 00 7f 00 00 
00 00 83 ff a1 bf 00 00  00 00 85 ff ee cf 00 00 
00 00 04 ff 33 ef 00 00  00 00 3a ff e8 f5 08 00 
00 00 1c a7 03 fd 00 00  00 00 e0 76 6c ff 00 00 
00 00 6b fd d1 fd 00 00  00 01 25 fb 21 b7 00 00 
00 00 a6 ff 0a 7f 00 00  00 00 45 ff 51 f6 00 00 
00 04 4a fe 98 ff 04 00  00 00 29 f7 83 e5 00 00 
00 00 41 ce 80 7f 00 00  00 00 20 3f 4e 6f 00 00 
00 00 12 f7 59 7a 00 00  00 00 a5 6f 27 df 10 00 
00 00 6e f5 1b db 00 00  00 80 83 f7 98 a7 00 00 
00 00 01 af 31 fa 04 00  00 00 1d fb 24 ff 10 00 
00 00 03 fb 1b 7d 00 00  00 00 6d fd 7e 36 00 00 
00 00 06 bf 9d fd 01 00  00 00 2e ff c9 ff 01 04 
00 00 20 ef 31 7d 02 00  00 00 41 6f 13 ff 00 00 
00 08 44 fd 17 ff 00 00  00 00 08 7b 8e fb 00 00 
00 00 8b d7 3a df 10 00  00 00 a9 ff 87 bf 08 00 
00 00 8a ff ac f6 00 00  00 00 2c ff 18 af 00 00 
00 00 0c ff 75 df 00 00  00 03 88 79 db 73 00 00 
00 00 12 ff 4d f5 00 00  00 00 40 7f 07 be 00 00 
00 00 05 ff 89 fa 20 00  00 00 22 ff 13 9d 00 00 
00 00 85 bf 16 e7 04 00  00 00 c1 ff 04 df 00 00 
00 00 ab eb b6 7d 40 00  00 00 e1 ff 00 ff 00 00 
00 00 c6 bf 9b f5 00 00  00 00 0b ff 2c 7d 00 00 
00 00 20 ff 34 de 02 00  00 00 01 f7 64 f7 00 00 
00 00 40 ff 5e ad 00 00  00 00 aa be 1c eb 00 00 
00 00 57 ff 8d ff 08 00  00 00 c3 ff 4e ff 00 20 
00 00 10 fd e4 bf 00 00  00 00 04 bf 26 ff 00 00 
00 00 a0 ff a9 df 00 00  00 00 02 ff 03 be 00 00 
00 00 85 f7 eb 73 40 00  00 00 24 f7 8a ec 04 00 
00 00 82 be b0 ff 00 00  00 00 41 fe 1f ab 00 00 
00 01 c1 ff ac 1f 00 00  00 00 40 ff 00 bf 00 00 
00 00 04 fb 1b fa 00 00  00 00 80 c9 eb f4 00 00 
00 40 03 ff fa 9f 20 00  00 00 8d f7 1e 7b 00 00 
00 00 89 d7 e3 97 00 00  00 00 02 fd de fe 00 00 
00 00 62 7f 9c db 00 00  00 00 0e ff a1 fb 00 00 
00 00 d0 7b 34 7f 00 00  00 00 28 fe 0c fb 00 00 
00 00 28 fe b2 ef 00 00  00 00 92 ff 18 ff 80 00 
00 00 45 f7 2c 8f 00 00  00 00 40 f6 38 fe 00 00 
00 00 33 bf 74 ff 10 00  00 00 c8 d7 0a 3f 12 00 
00 00 b8 ea c8 ad 00 00  00 00 08 ff 73 ae 00 00 
00 00 32 ff 8b be 00 00  00 00 0f ff 05 ef 00 00 
00 00 6c ff ba e2 00 00  00 00 84 cf 41 f5 00 20 
00 00 ea ff 17 7d 00 00  00 00 bf ff dd fd 40 00 
00 00 48 ff c5 bf 00 00  00 00 60 bf 07 de 10 00 
00 00 27 f5 42 fd 00 00  00 00 50 7d e5 de 00 00 
00 00 00 fd 2f f6 00 00  00 02 46 ff 04 fb 03 00 
00 00 00 e7 5e ec 00 00  00 00 a5 eb c7 ff 00 00 
00 00 a2 ff a0 df 00 00  00 00 0d ff 5f ff 00 00 
00 00 cc cf cc ce 00 00  00 00 03 fe 41 f7 00 00 
00 00 65 f7 67 df 00 00  00 04 40 f7 05 fb 80 00 
00 00 20 ef 6e ff 00 00  00 10 1b ff ca ff 01 00 
00 00 73 df 13 fe 00 00  00 00 00 ff 40 fb 00 00 
00 00 8c fd 5c d9 00 00  00 00 0a fd bb ff 00 00 
00 02 2a af 15 73 00 00  00 00 0d 73 26 f7 00 00 
00 01 41 ff 84 5f 00 00  00 00 b0 ff 62 ec 00 00 
00 20 40 ff 9e fc 00 00  00 00 59 ff 6e 7f 00 00 
00 00 37 bf bc ff 00 00  00 04 2a ff 06 ff 00 00 
00 00 84 de 53 fd 00 00  00 00 d8 ed 9d 7f 00 00 
00 00 21 df 42 f1 00 00  00 00 28 ee b2 7f 00 00 
00 00 00 df c7 6f 00 00  00 00 3b ff 9c f7 0c 00 
00 00 84 f8 3c f1 00 00  00 08 1d ff 0a ff 00 00 
00 00 0d ff 5a bf 20 00  00 00 25 bf 83 fd 00 00 
00 00 0c ff 06 f9 01 00  00 00 40 fd df ff 00 00 
00 00 85 ff eb ff 00 00  00 00 21 7b 60 9b 00 04 
00 20 04 ff 0e fe 00 00  00 00 09 df c7 ff 10 00 
00 00 0a f3 91 fd 00 00  00 00 13 bf 4d df 00 00 
00 00 6c 5d 74 ff 04 00  00 10 08 d7 10 fe 20 00 
00 00 30 fb 2c fd 00 00  00 00 23 73 68 b7 01 00 
00 00 19 7a 2c ef 00 00  00 00 10 7f c5 bf 00 00 
00 00 88 ff a1 cd 00 00  00 00 02 ef 08 bf 00 00 
00 00 68 ff 24 fd 00 00  00 00 68 e3 cc 77 00 00 
00 00 02 fe c0 df 00 00  00 00 63 3f 03 ed 80 00 
00 00 a2 f7 5f fa 00 00  00 00 15 fd 94 ff 00 00 
00 00 68 ed 0b e3 00 00  00 00 55 7f 26 ef 00 00 
00 00 d1 fe b9 f0 00 00  00 00 7b ff 48 df 00 00 
00 00 80 ff 2d ff 00 00  00 00 e8 de d4 ff 00 00 
00 00 86 ff b8 f6 00 00  00 00 2c ff a6 ff 00 00 
00 02 1a bd df f7 00 00  00 00 49 7f 35 fb 00 00 
00 00 01 ff 84 7b 00 00  00 00 00 ef 0c ef 00 00 
00 00 72 7f 02 7f 00 00  00 00 22 fe e4 eb 00 00 
00 00 07 f7 0d ef 02 00  00 00 9a ff 54 ff 00 00 
00 10 80 fe 9a 7b 00 00  00 00 02 df 31 bf 00 00 
00 00 12 f5 41 e7 00 00  00 00 52 fd 6c ef 00 00 
00 00 20 fb a0 fb 08 00  00 00 c9 be 9e fc 00 00 
00 00 08 f7 15 7f 00 00  00 00 05 7f 52 ea 00 00 
00 00 1c ff 62 fc 01 00  00 00 0a ef d3 77 40 00 
00 00 c0 bb 60 ff 00 00  00 00 4a ff 82 ff 00 00 
00 00 2f ef 20 ff 00 00  00 00 08 e6 44 bf 00 00 
00 00 44 fd 98 de 40 00  00 00 00 ff b0 ee 28 00 
00 00 b2 bf 77 ff 01 00  00 00 09 fb f2 ef 02 00 
00 10 a2 ff 24 ff 00 00  00 00 2f ee f6 bc 00 00 
00 00 9d 7f eb ff 00 00  00 00 09 ff a9 77 00 00 
00 00 42 d3 da cf 10 00  00 00 15 ff 06 f7 00 00 
00 01 a8 ff aa db 08 00  00 00 74 ff 24 bc 00 00 
00 40 d5 ff a4 ff 40 00  00 00 73 ff d3 13 00 00 
00 02 00 ff 8f df 00 00  00 00 a5 ff b2 f5 00 00 
00 00 00 ff fa ff 00 00  00 00 c4 d7 88 ef 00 00 
00 00 62 f7 80 67 01 00  00 00 d2 bd 02 eb 40 00 
00 00 00 fd 13 b7 01 00  00 00 0a df a6 ff 00 00 
00 00 4e fe 4d 65 00 00  00 00 29 ff e9 ff 00 00 
00 00 05 ff 0a ff 04 00  00 00 07 f7 8e f9 80 00 
00 00 47 ff e1 4d 00 00  00 00 04 bf 02 7f 08 00 
00 00 1e ff 1a 9d 40 00  00 00 72 f3 d4 7f 00 00 
00 00 cc 7f 63 db 00 00  00 00 10 7f 8c ff 00 00 
00 00 09 fd 21 fa 00 00  00 02 69 f7 03 fc 00 00 
00 00 12 fc 18 f7 04 00  00 00 8c ff 66 fd 00 00 
00 00 84 db 6d ff 18 00  00 00 e3 ff 77 ff 00 00 
00 00 02 7f 6d ce 00 00  00 00 88 ef 78 e7 01 00 
00 00 40 af 40 ff 00 00  00 00 44 f7 21 f2 00 00 
00 a0 25 fc d0 f7 00 00  00 00 a9 ff a0 77 00 00 
00 00 84 6e 1e fd 00 00  00 00 45 af 52 5c 00 00 
00 82 41 eb 40 fe 00 00  00 00 04 f6 23 ff 00 00 
00 00 f8 fc ac 6a 00 00  00 01 0a ff e1 ff 00 00 
00 00 81 fd 4f 7f 01 00  00 02 53 f1 5b ef 00 00 
00 00 18 7f 84 bf 00 00  00 00 20 df 2f 67 04 00 
00 00 0a ff 5c ef 00 00  00 08 20 ff 50 ef 00 00 
00 00 42 7f 8e c6 21 00  00 00 1e ff f4 f7 00 00 
00 00 60 f6 15 eb 00 00  00 00 83 cf 83 bc 00 00 
00 00 20 ff 23 ff 00 00  00 00 80 e7 80 ff 00 00 
00 00 02 f7 51 ff 00 00  00 00 d0 6f 54 6f 00 00 
00 80 50 ff e2 ee 00 00  00 20 42 ff 9a df 00 00 
00 00 03 ff 39 ab 84 00  00 00 04 ff 0f fe 00 00 
00 00 c1 ff 80 ff 00 00  00 40 96 fb bd ff 00 00 
00 01 21 fd 09 ef 00 00  00 00 00 fc 69 6e 00 00 
00 00 05 bf 26 5f 00 00  00 01 00 ff 3d 7b 00 00 
00 00 13 fb 67 6f 00 00  00 00 8a ff b4 fc 00 00 
00 00 a2 fa 8c fb 00 00  00 00 08 ef f9 7f 00 00 
00 00 49 fa 19 b7 00 00  00 00 00 ff ea 6f 10 00 
00 00 09 ff cc e3 00 00  00 00 98 fe 19 ed 00 00 
00 00 50 f7 3c fb 00 00  00 00 d5 fb ed df 04 00 
00 00 a4 9f a2 fe 00 00  00 00 02 ef 01 de 00 00 
00 00 a8 ed be ff 00 00  00 00 2b be 25 df 00 00 
00 10 9c fe 86 d7 00 00  00 00 68 fd 17 d3 00 00 
00 00 80 77 b4 f7 00 00  00 00 05 fe 75 df 00 00 
00 00 98 eb 41 cf 00 00  00 00 2b fd a1 f7 00 00 
00 00 12 fe 0f fb 00 00  00 00 44 bf 2d ff 00 00 
00 00 dd ff fd fb b0 00  00 00 06 fd 11 ff 00 00 
00 00 d0 fd a1 7b 00 00  00 00 89 ff fe ff 00 00 
00 02 06 af 09 7f 00 00  00 00 10 7e 50 7e 40 00 
00 00 88 fa f3 67 00 00  00 00 a0 fd 61 e3 00 00 
00 00 4a fb b9 ef 00 00  00 00 36 fd 88 ff 00 00 
00 00 22 fd 63 df 00 00  00 00 82 fe 14 f3 00 00 
00 10 a4 f7 05 bb 00 00  00 00 0a ff c2 fd 00 00 
00 00 81 ff f2 9f 00 00  00 09 27 ff f3 ff 00 00 
00 00 b6 7d 69 df 00 00  00 00 84 bd 39 ed 00 00 
00 00 01 ff 09 df 00 40  00 00 86 b7 7f e7 04 00 
00 80 04 3f 31 f9 00 00  00 00 20 ff 4a 7d 00 00 
00 00 c0 bf 9a bf 04 00  00 00 40 e3 49 b7 00 00 
00 00 f0 fb 94 fb 10 00  00 84 40 fe 5a b8 08 00 
00 00 ae 7f e9 d7 00 00  00 00 89 d7 59 f7 00 00 
00 00 45 ff 8a b3 00 00  00 00 32 ff 2e ff 00 00 
00 00 80 f7 06 ef 00 00  00 00 80 ff dc e6 00 00 
00 00 12 ef 0b fe 00 00  00 00 28 ff 14 f7 00 00 
00 00 45 76 31 fe 00 00  00 02 4a ff 12 bf 00 00 
00 00 86 ff 62 df 80 00  00 00 82 ff 5c fb 00 00 
00 00 19 fb 6e fc 00 00  00 11 8d 77 68 fe 00 00 
00 00 76 ff 54 ff 00 00  00 00 07 79 69 ff 02 00 
00 00 21 bf 4d bf 00 00  00 00 b0 bf 48 6b 00 00 
00 20 0c b5 8b 6e 00 00  00 40 ae ef 12 fe 80 00 
00 00 d3 ff 07 ee 00 00  00 00 d0 fb 2c bd 00 00 
00 00 12 ff 87 b9 00 00  00 00 59 df b7 ae 00 00 
00 00 6a ff aa ef 00 00  00 00 1a 3f 21 ea 04 00 
00 01 10 fe 44 b7 02 00  00 00 14 fe 14 7f 00 00 
00 00 45 a8 0e ed 00 00  00 01 a7 f3 2b ff 00 00 
00 00 8d fb 8a 3d 01 00  00 10 28 d9 42 ef 20 00 
00 00 42 7f 1e ff 00 00  00 00 40 ff 04 5f 10 00 
00 00 24 e3 b3 bf 00 00  00 00 3a ef 7a fe 00 00 
00 00 a0 ef 31 7d 00 00  00 01 08 f7 54 af 00 00 
00 00 12 ff be c9 00 00  00 00 17 7f d4 97 04 00 
00 00 a2 f7 92 8c 00 00  00 00 04 bf 47 5e 08 00 
00 10 a5 fb 8a e3 00 00  00 00 81 ff c2 fb 04 00 
00 00 0c f5 59 5f 08 00  00 00 44 7b 45 bf 80 00 
00 00 b2 df 72 de 00 00  00 00 81 6f c6 cf 00 00 
00 10 08 b7 43 97 00 00  00 00 54 ff 51 4b 00 00 
00 88 04 bf 0f ef 40 00  00 80 7a ef a1 f5 00 00 
00 00 01 77 80 de 00 00  00 00 92 ef c5 fa 00 00 
00 00 e0 eb a9 ef 00 00  00 00 19 3d 32 fe 00 00 
00 00 8a 79 0b 7c 00 00  00 00 c3 ff a0 fe 00 00 
00 00 00 f3 32 fb 00 00  00 00 25 bf 38 bf 00 00 
00 01 31 ff c2 cf 0a 00  00 00 48 ff a3 ef 00 00 
00 00 14 fe ff ef 00 00  00 02 38 f6 20 ff 80 00 
00 00 e7 bf 9c 6d 00 00  00 00 e2 fd c3 f7 00 00 
00 02 0d ff f9 ff 00 00  00 00 0e e7 ab ff 00 00 
00 02 50 ff dd 7f 00 00  00 00 02 77 7b de 00 00 
00 10 00 6f 24 ef 01 00  00 00 c2 ee ba db 00 00 
00 00 80 bf 44 47 00 00  00 00 05 ff 93 df 00 00 
00 00 0a fd d9 af 00 00  00 00 5a ff 8a ef 00 00 
00 00 b4 ff 2d 7b 00 00  00 00 c7 ff 01 2e 02 00 
00 00 a5 f7 fb ff 40 00  00 00 09 fb 64 bc 00 00 
00 00 90 6f a2 bf 00 00  00 00 81 ff 03 cf 00 00 
00 00 30 ff 27 ff 80 00  00 00 c0 1d 33 f3 00 00 
00 04 8a f7 98 fd 00 00  00 00 11 fb 20 bd 00 00 
00 00 64 ef 23 f6 00 00  00 00 22 ff 11 bf 00 00 
00 00 41 7e b5 fa 00 00  00 08 4a ff 06 7d 00 00 
00 02 96 fd 21 c2 00 00  00 00 08 ff 6e e5 00 00 
00 00 ac a7 27 7f 00 00  00 00 90 ff 08 e7 00 10 
00 00 43 fd c6 7d 00 00  00 00 08 6f 42 d9 00 00 
00 00 20 bb ab ed 00 00  00 10 28 e7 68 ee 08 00 
00 00 8a df 4d 30 00 00  00 00 ce 9f fb de 00 00 
00 00 c4 d7 ba ff 00 00  00 00 76 ff 63 de 00 00 
00 00 4c bf 88 ef 00 20  00 00 4a fd a3 cf 80 00 
00 00 60 f4 27 ff 00 00  00 00 a1 77 a1 5f 00 00 
00 00 00 fd b3 fb 00 00  00 00 cc ff 0e ef 00 00 
00 00 02 bb 2c fb 00 00  00 00 06 f7 ec fb 00 00 
00 00 92 df 51 fb 00 00  00 08 44 ff 52 76 00 00 
00 00 13 ff 2d bf 00 00  00 00 27 7f c9 fb 00 00 
00 00 85 ff 2a 7f 00 00  00 00 22 cd 68 be 00 00 
00 00 00 ec 5d e2 00 00  00 00 02 cf b9 ce 10 00 
00 00 f0 ff 89 bf 20 00  00 00 00 ff 07 cb 00 00 
00 00 03 af 3d bb 00 00  00 00 30 d7 c5 79 00 00 
00 00 c9 dd 0e ff 40 00  00 40 48 ff e6 ff 20 00 
00 00 a0 ff 35 7d 00 00  00 00 b0 ff 8c fb 00 00 
00 00 44 cb c9 f7 00 00  00 00 35 ff a1 f9 00 00 
00 02 c8 fe a0 3f 00 00  00 00 81 ff 20 6d 00 00 
00 00 2c bd cb ff 00 00  00 00 64 ff 3c f0 10 00 
00 00 03 ef 4a fd 00 00  00 00 45 bf 00 6e 00 00 
00 40 03 fe 00 f7 00 00  00 00 40 ff 36 fd 00 01 
00 00 82 ef d0 ff 00 00  00 00 23 fd 26 f7 80 00 
00 08 3b ff ae fe 00 00  00 00 01 ff 64 db 00 00 
00 00 e1 ef ab 9f 00 00  00 00 89 bf 79 f7 00 00 
00 00 11 ef b6 9f 00 00  00 00 90 ef 05 f9 00 00 
00 00 86 e7 9f fe 80 00  00 00 2d ff 67 ff 80 00 
00 00 16 fd 4c b8 02 00  00 20 04 fb d1 fb 00 00 
00 00 83 dd 1a 5d 01 00  00 00 0c ff 05 ff 00 00 
00 00 2c ef 29 ff 00 00  00 00 60 fe 86 df 00 00 
00 00 00 ff 45 e5 00 00  00 00 b2 ff 1a dd 00 00 
00 00 a4 fd a3 7d 04 00  00 00 35 ff d9 cf 00 00 
00 00 46 ff cf ae 00 00  00 00 d0 df c0 bd 00 00 
00 00 24 fd b5 f7 00 00  00 00 00 ff 1a 63 20 00 
00 00 31 fb 0a fa 00 00  00 00 02 ff cb ff 00 00 
00 00 30 9d cc ff 00 00  00 00 55 e7 c6 fb 25 00 
00 00 90 bf 5a f7 00 00  00 00 52 b7 d7 7b 00 00 
00 00 04 ff 44 f9 00 00  00 00 1d e6 c6 ff 00 00 
00 08 88 ff a5 ff 00 00  00 00 00 ef c6 fe 40 00 
00 00 04 ff 03 bf 24 00  00 00 e1 d7 2f c9 00 00 
00 04 52 af 92 f5 00 00  00 00 62 f7 9b df 00 00 
00 00 c0 ff 2e f9 04 00  00 00 1b ff 30 f7 00 00 
00 00 38 bf b0 f3 02 00  00 00 41 56 71 7a 00 00 
00 00 2d ff 2d ff 00 00  00 01 a0 f7 ca e1 00 00 
00 00 39 7f b0 cb 00 00  00 00 88 7b 76 f5 00 00 
00 00 98 ff e2 c3 00 00  00 00 a9 bf 1e ff 00 00 
00 00 88 f6 7c f7 00 00  00 00 47 f7 bd fa 00 00 
00 00 08 fe dc fd 02 00  00 00 8d fe 5d e6 00 00 
00 00 19 fb 58 ff 00 00  00 00 00 fb a1 df 00 00 
00 00 34 ff 20 dc 80 00  00 00 11 dc 53 e6 90 00 
00 00 0b bf 16 ff 00 00  00 00 35 df 0a 97 08 00 
00 00 9a de c1 7e 00 00  00 00 53 ff 52 b7 10 00 
00 00 42 ef 9a ff 00 00  00 40 24 ff 5e 7e 00 00 
00 10 40 ff c7 db 00 00  00 00 07 7b 03 6d 00 00 
00 fb 02 fd 40 3a 20 08  00 fc 00 ed 12 ce 00 01 
00 1f 00 df 20 fb 50 00  00 5f 00 cf 00 ce 20 00 
00 ff 00 3e 00 aa 00 00  00 87 20 5d 88 f9 04 20 
00 97 00 1e 00 94 00 01  00 f5 00 b6 60 18 01 0c 
00 d7 04 1d 08 8d 01 0f  00 fe 00 55 00 5b 00 80 
00 ef 00 6f 18 0f 00 84  00 d6 00 59 a0 66 44 00 
00 ed 10 ad 00 b4 08 08  00 b3 00 28 01 ee 01 00 
04 d6 00 d3 06 19 00 00  00 ae 00 ad 00 9a 01 00 
00 3f 08 ed 22 e1 84 00  00 7b 00 f4 00 c7 00 00 
00 12 00 f2 12 8b 01 02  00 c1 00 ff 00 72 08 48 
01 23 40 df c0 75 00 10  00 df 04 f7 10 0c 08 00 
00 49 00 aa 08 7a 00 09  00 ef 00 ea 20 70 00 25 
00 d7 00 53 00 7c 00 80  00 db 82 3f 02 e2 00 00 
00 f6 00 33 01 dc 00 40  00 e2 10 fe 14 5f 02 20 
00 d3 00 bf 00 74 00 10  20 f9 04 f6 00 2b 00 00 
00 8b 00 ff 00 86 12 42  00 3f 00 77 01 bb 20 00 
08 6f 80 23 41 9b 00 10  00 1b 00 db 30 f1 00 00 
08 d1 03 77 10 a6 00 01  00 af 00 af 02 4d 04 01 
00 06 10 cd 11 53 00 82  00 fb 04 7f 00 42 00 2b 
00 9a 40 fb 05 09 00 03  00 fc 01 fe 20 99 10 02 
00 eb 00 c1 20 ed 40 10  00 ef 40 f5 00 1d 00 14 
00 e4 08 ef 80 7a 00 01  00 57 01 dd 20 d2 20 80 
00 cd 00 f5 04 83 18 a0  00 ff 00 79 b0 c5 70 80 
00 df 00 5e 80 ba 84 04  00 46 00 be 00 71 40 02 
00 1c 00 5e 90 87 00 a0  00 db 04 ac 20 5a a0 10 
00 9b 00 f9 48 c9 00 80  00 f5 00 8c 10 ff 01 08 
00 43 00 00 02 98 00 00  00 e1 00 26 a8 51 20 00 
00 47 00 8f 00 ea 12 00  00 1e 08 ef 00 16 00 10 
00 9a 00 3a 04 8e 00 00  00 48 80 be 08 bd 00 c0 
00 2b 00 dc 00 75 40 29  08 76 00 dd 00 a3 00 40 
00 04 0c 50 20 9d 00 11  00 59 00 da 00 96 00 40 
00 f9 09 fa 41 fd 00 20  00 be 00 46 00 cc 40 04 
00 df 90 c5 00 3f 00 02  00 f9 04 be 40 20 01 00 
00 7e 00 9b 01 02 50 08  00 b7 80 f8 03 97 80 01 
00 af 00 bd 00 c0 01 40  00 7f 80 ef 00 ad 00 04 
00 c2 00 a5 02 77 40 08  00 2c 02 6f 28 d2 40 20 
00 5c 80 29 00 a6 01 00  00 46 00 bf 00 53 20 14 
00 ff 00 de 00 47 28 10  00 2e 01 e9 30 3b 24 00 
00 f6 00 bd 01 e6 24 00  10 6a 00 f4 64 3f 00 50 
00 27 00 b6 01 86 08 10  00 2b 00 fe 00 be 08 20 
00 c7 00 36 00 38 00 10  00 4a 10 26 00 08 80 00 
00 df 00 f3 00 06 00 20  00 f8 08 e6 01 bb 02 20 
00 e9 00 86 30 26 00 08  00 b7 00 9d 00 37 20 02 
00 a6 00 a5 c6 94 41 02  00 35 40 5f 00 7b 50 04 
00 ec 00 bb 00 ed 95 20  00 1d 00 d4 40 40 00 00 
02 5f 10 f9 04 dd 08 05  00 e1 00 26 00 4e 10 00 
08 bb 00 4e 20 99 40 20  08 99 80 9a 80 cc 01 01 
00 9e 00 ee 00 ea 04 48  00 3b 90 9f 10 17 00 22 
00 fa 00 ff 06 a8 00 40  01 f4 00 f5 3c 29 00 08 
00 0f 40 63 80 be 00 04  00 d0 00 38 82 e1 04 40 
00 e6 00 3b 00 9a 00 00  00 9f 00 cf 02 eb 01 80 
00 db 00 f3 40 aa 12 c0  00 78 04 b9 41 66 00 20 
00 67 00 fb 00 9d 40 01  00 f1 00 db 00 68 20 04 
00 da 09 bf 06 7d 64 02  00 c6 80 9e 00 14 00 c0 
00 ff 40 cd 08 84 80 01  00 f7 00 63 02 7b 00 40 
00 43 00 8b 90 ce 00 08  00 36 10 b8 00 95 42 20 
00 fe 20 4b 13 1e 00 48  00 5a 00 ef 02 79 00 b0 
00 75 00 0f 04 d0 00 a0  00 5f 00 4d 00 2f 02 00 
00 7c 00 b7 00 4a 00 00  00 af 00 77 80 4b 02 51 
00 48 02 23 04 63 20 04  00 26 00 80 0a 47 2d 82 
00 9a 00 2d 01 e0 04 00  00 89 00 e6 00 dc a0 80 
00 f6 00 fa 00 5d 88 40  00 e2 80 ad 02 b4 20 00 
00 93 00 e7 08 5b 00 20  00 f5 02 03 00 07 00 00 
00 bb 00 d6 08 5b 00 01  00 f1 00 25 13 cb 00 00 
00 7a 00 df 61 5e 24 08  00 db 00 cd 10 d5 00 10 
00 8e 00 1d 00 54 42 00  00 e7 00 e1 08 15 02 0d 
00 3a 41 c7 00 b0 00 04  00 f0 11 dd 00 43 01 04 
00 c6 05 a3 00 15 a0 9c  00 8f 00 1a 04 b9 00 00 
00 d7 00 2b 0e 97 00 00  00 d6 00 55 0c 67 05 01 
80 d3 00 3f 00 49 00 40  00 7b 00 b7 40 4e 00 0d 
01 7f 00 e7 81 9f 02 12  00 a4 80 ce 40 29 00 08 
14 f7 00 2f 02 ea 22 00  00 f5 40 f3 20 57 00 51 
00 88 00 ef 40 91 00 96  00 5f 00 ee 00 2d 00 40 
00 7f 80 e8 08 00 88 08  00 5b 00 ff 00 d7 00 80 
00 e4 40 ea 00 3a 00 08  10 6d 80 fe 00 0b 08 20 
00 ae 40 69 40 76 08 00  00 e2 00 fd 00 69 05 08 
00 6d 00 09 00 55 08 00  00 de 00 f3 04 6a 10 20 
00 65 00 95 00 7e 02 00  00 a3 00 b7 00 5c 21 64 
00 77 00 ec 50 5e 00 00  10 bd 00 ed 00 32 00 00 
00 b7 00 48 00 55 00 00  00 2b 20 9d 00 1e 22 02 
00 91 00 b7 00 97 00 00  00 df 06 ba 40 07 00 09 
00 fc 00 db 40 1b 04 00  00 12 08 79 00 61 00 00 
00 7f c0 5f 81 23 02 80  00 d9 00 e9 28 96 00 00 
00 f5 04 f9 10 48 05 88  00 7a 00 ff 00 cc 00 90 
00 34 01 74 20 d9 82 08  00 f9 82 df 01 4c 20 08 
00 68 08 fe 10 d6 04 00  00 77 00 7a c0 57 20 50 
00 d5 00 e4 04 a1 21 01  00 7f 00 ff 00 d2 00 0a 
00 34 20 6c 12 a2 00 07  00 53 00 fe 01 28 28 88 
00 cf 28 1c 40 b9 20 08  00 fc 04 c3 00 a1 21 02 
00 cf 04 67 00 9e 82 48  00 ad 11 fd 00 fe 00 0a 
00 9c 00 9a 00 46 00 02  00 67 00 ce 02 70 00 08 
04 3f 00 bf 02 31 00 00  00 b7 08 2b 00 93 04 00 
00 a5 00 c5 00 4e 00 02  00 c3 04 58 00 2d 04 00 
00 e5 04 6a 02 cc 00 00  00 a6 08 b4 1e 47 00 40 
00 5a 00 7f 08 d6 01 00  00 66 01 a3 00 10 00 00 
00 e1 00 7f 00 a1 00 20  00 16 00 3f 00 77 20 80 
00 ff 00 a3 c0 b6 60 07  00 9e 20 69 00 69 40 1a 
00 27 00 ff 00 86 80 05  00 cb 00 f5 50 c9 00 01 
00 7e 00 72 00 7f 00 25  04 d3 40 e3 40 46 44 00 
00 f9 00 d7 00 6e 10 02  00 2f 01 b4 80 2b 04 00 
00 dd 00 57 21 72 00 00  41 ed 80 d4 c9 77 00 00 
00 98 00 91 00 03 30 44  00 3d 00 f1 00 19 00 00 
00 9f 01 0f 00 97 10 00  00 28 00 b7 10 1f 00 24 
00 fb 00 7a 01 bc 00 40  00 5b 0a b5 40 be 8a 5a 
00 ee 00 f5 50 09 14 20  00 be 00 2c 80 8b 01 04 
00 fc 80 eb 00 6c 65 10  00 57 08 3a 00 27 00 14 
00 ba 10 fe 10 d4 24 02  01 17 00 9c 40 eb c0 18 
00 80 00 bd 02 c0 40 00  00 46 01 f9 20 8c 80 c2 
00 de 00 5d 00 83 80 20  00 e8 00 ea 20 e8 00 00 
00 fb 00 42 00 09 00 01  00 d9 80 c3 14 ef 00 05 
00 50 00 7d 00 85 00 00  00 ed 00 4f 00 d9 01 00 
00 56 00 e9 01 3b 04 00  00 a5 00 af 00 fe 00 00 
00 f7 40 b7 44 83 40 40  00 22 04 d2 08 e1 42 40 
00 9d 00 f5 04 23 80 00  00 79 00 7b 80 d7 10 14 
00 77 02 7f 08 3e 40 1a  00 54 10 0d 21 58 00 00 
00 67 00 6e 00 fe 00 10  08 e9 40 e3 00 9b 80 20 
00 f7 80 ae 00 02 40 0c  00 f3 80 ce 00 79 80 04 
00 7b 04 6d 02 f9 02 82  00 ef 00 9f 00 99 02 80 
00 fb 00 af 00 77 10 00  00 37 00 52 00 f1 08 88 
00 ed 00 7f 00 25 22 00  00 fc 00 f1 00 84 40 02 
00 fc 00 eb 81 c9 00 10  04 63 00 7f 00 f0 41 41 
00 32 04 b9 80 7a 88 12  00 f4 08 a3 00 d1 00 08 
00 c3 00 bf 02 89 00 20  00 c9 00 9a 04 4e 00 00 
00 fc 00 62 00 9a 02 20  00 ff 40 ea 08 53 81 04 
00 fa 00 7a 08 38 00 10  00 fb 40 bf 80 3a 00 04 
00 85 01 6d 00 20 00 00  00 49 08 c1 01 e9 02 00 
00 3b 08 fb 04 51 00 24  00 5b 00 97 00 5c 01 00 
00 54 00 8d 00 8a 00 00  00 ff 0c ab 80 13 00 50 
04 ce 00 bf 20 b2 00 48  40 00 00 cc 08 af 04 46 
00 a7 20 b2 09 3e 1a 00  40 f7 00 fa 00 0e 02 81 
00 f8 10 ee 00 13 40 01  00 1c 02 f7 01 74 00 41 
00 1d 80 bf 40 bc 11 01  00 ce 00 bd 40 d4 00 08 
00 6b 50 ef 20 73 72 42  04 43 10 5d 00 8b 90 00 
04 fa 00 78 22 d8 00 07  00 1d 08 bd 00 bb 08 08 
00 68 02 f6 00 d6 c0 18  00 7f 08 8a 00 aa 01 04 
00 6f 00 b9 00 33 00 04  00 b5 00 d6 20 6e 00 04 
00 66 00 e0 00 97 06 40  00 d6 00 a7 00 97 10 12 
00 1f 00 db 00 53 02 08  00 97 00 ef 40 4c 01 00 
00 ef 00 fd 10 67 21 0b  00 75 40 35 31 e3 00 01 
00 fa 00 cb 08 44 14 02  00 a7 00 0b 04 99 00 84 
00 de 40 e4 00 f1 02 08  00 b8 00 fd 40 fe 00 00 
00 7a 00 f7 10 3e 00 00  00 cd 00 4d 90 a0 00 10 
00 a6 00 66 02 62 80 50  00 6c 00 95 43 dd 44 18 
00 22 28 fb 80 bc 01 00  00 9d 00 4d 00 55 00 01 
00 2b 00 d7 40 cc 00 11  00 af 04 98 00 cf 00 62 
00 2a 08 ff 00 d3 04 88  00 7b 40 79 00 85 00 44 
00 9f 01 fb 84 7c 00 a0  00 8f 01 e4 20 ee 04 08 
00 f1 00 6f 02 2f 00 34  00 75 00 3f 00 bf 00 00 
00 7e 10 ac 0d 89 00 00  00 9b 01 bb 04 c9 01 04 
00 d2 80 4f 98 43 00 00  00 ef 10 6e 01 38 10 40 
00 5f 00 6b 01 6b 05 04  00 5e 00 ed 42 6b 04 91 
00 be 40 ea 00 09 80 10  00 91 10 b5 80 d0 00 90 
00 53 00 2b 81 05 40 00  00 e7 00 e1 00 9c 00 80 
00 6f 50 d1 00 d9 04 e4  00 76 01 7f 00 9f 00 19 
40 b4 00 33 00 56 00 00  00 3a 00 38 04 b1 00 10 
20 53 00 bf 02 61 00 01  00 eb 00 fd 00 67 00 00 
00 bb 00 b9 00 02 02 52  00 38 01 be 00 01 40 0c 
00 3f 08 f4 00 de 16 00  80 1b 02 4c 01 cd 00 00 
00 59 00 a0 00 99 00 20  00 d7 00 9e 00 5c 00 04 
00 f5 00 f5 00 d8 82 51  00 1d 00 4c 00 1f 00 02 
00 bd 00 fa 81 f6 20 48  00 f8 00 7f 10 e4 00 04 
00 ce 02 bc 60 39 00 08  00 2f 00 9b 09 e7 10 00 
00 55 00 5f 0c 57 06 24  00 37 00 6e 06 07 28 cc 
00 e8 00 52 00 78 00 00  00 cc 10 ef 00 3f 00 08 
04 4f 02 d7 00 2e 00 20  00 dd 00 cf 00 da 40 31 
00 d5 00 8f 01 ab 50 80  00 fe 00 cc 00 87 a2 10 
00 2b 04 32 04 b5 84 48  00 fd 80 c2 00 3d 08 00 
10 f7 80 b4 08 d8 01 00  00 f2 46 fd 00 ca 08 14 
00 8b 00 dd 00 1f 00 08  00 f5 04 95 50 cf c4 09 
00 7f 10 6a 41 1f 01 20  00 1f 02 7d 80 7e 52 54 
00 c7 00 eb 00 c4 00 00  00 8f 00 89 0c ba 08 08 
00 7b 10 8f 00 53 20 68  00 a3 00 ab 00 0e 02 01 
00 94 40 31 04 99 06 10  00 76 00 59 00 9d 20 00 
00 7f 80 f2 02 6f 04 52  00 ff 00 b7 11 43 02 04 
00 6f 02 a2 00 51 30 12  00 2f 00 17 00 3b 40 00 
00 7b 00 7f 02 dc 00 00  00 db 10 fd 40 60 02 09 
00 ef 40 b2 00 92 61 04  00 bf 13 cf 00 ec 83 21 
00 85 00 ff 00 da 00 08  00 7a 00 f4 00 e8 00 02 
00 ee 00 ff 08 ba 10 60  00 bb 00 7b 00 c9 0b 00 
00 d7 02 b7 10 ff 08 80  00 db 00 7f 00 dc 04 11 
00 3a 00 ba 00 47 00 04  00 f6 00 46 04 31 00 00 
00 73 08 91 00 bf 00 20  00 16 02 ff 22 f2 00 00 
00 e6 00 fa 00 c2 00 20  00 73 00 2d 00 16 00 48 
00 eb 00 62 00 8e 20 02  00 ef 00 ad 00 bc 20 00 
00 bb 06 4a 00 d2 00 04  00 af 20 7d 32 83 00 81 
00 7c 84 2b 21 2c 01 00  80 64 00 b9 01 4c 01 20 
00 2d 00 42 00 40 00 24  00 c2 10 d8 80 39 00 00 
00 4a 00 f3 00 ab 00 01  00 dc 20 fe 08 6e 00 04 
00 92 00 b1 01 4f 88 28  00 a0 00 a9 31 cd 14 24 
00 ff 02 ed 72 34 00 39  40 cb 40 69 08 0e 00 42 
00 fe 00 b8 00 5c 00 40  00 17 00 77 00 58 00 28 
00 37 00 36 40 b8 04 82  00 5a 28 dd 00 91 00 00 
00 b9 40 19 00 e5 80 00  00 6f 00 6f 10 58 28 40 
00 98 00 4f 00 7c 00 03  00 49 00 ed 00 bc 88 40 
00 ef 00 32 00 10 20 40  00 d5 00 21 20 ec 02 60 
00 6b 80 05 00 48 22 20  00 56 10 78 00 c3 10 02 
00 38 00 5e 20 f5 01 00  80 ef 00 92 10 9e 00 02 
00 47 00 6a 00 b9 00 08  00 ec 04 7e a0 d9 04 0c 
00 dd 02 7f 00 8a 00 00  00 3d 00 e6 10 ef 02 48 
00 a7 00 b3 00 f5 00 00  00 c1 00 3e 14 21 40 00 
00 9e 08 43 00 bf 00 20  00 ac 00 ce 00 17 00 10 
00 47 00 c5 28 bd 00 00  00 b7 10 a7 02 0d 10 00 
40 75 95 bf 40 47 20 20  00 e5 00 ff 04 e7 20 40 
00 3e 02 a9 24 99 28 00  00 d3 00 ff 88 87 01 00 
00 b4 00 63 00 50 20 10  80 d7 02 79 03 29 20 00 
02 5e 00 0c 00 8d 00 01  00 63 00 cb 00 f5 00 02 
00 1f 00 60 00 36 00 20  00 bd 00 f1 40 21 02 50 
00 9c 00 ec 88 d3 80 00  00 53 00 73 00 cf 00 00 
00 cf 01 be 04 6e 81 10  00 eb 00 7f 24 69 00 60 
00 b9 00 e6 00 bb 00 1a  00 b1 c0 5f 00 04 60 00 
00 57 40 ad 20 23 00 81  00 89 00 bc 20 f9 84 00 
00 df 05 fa 40 cb 82 00  00 c9 00 84 11 ed 00 03 
00 ae 01 ad 06 17 90 80  00 d3 00 bf 90 94 00 00 
40 37 10 cb 10 b1 00 00  00 a3 00 fc 08 2a 98 a0 
00 ef 00 af 11 33 88 19  00 f9 02 fe 28 e6 12 01 
00 5f 00 1e 00 14 04 48  00 ec 00 37 04 ce 40 06 
00 bf 20 6d 20 e4 21 82  00 e9 00 99 00 e7 06 40 
00 c7 08 fd 80 14 20 00  00 eb 80 c7 28 b1 04 82 
00 ef 00 17 08 59 00 00  00 fe 00 df 00 0a 04 00 
00 1d 00 7c 00 ba 10 00  00 fa 24 d0 c0 94 00 11 
00 a7 00 52 80 49 80 00  00 bf 00 3f 00 0a 00 00 
00 3e 00 ff 00 57 08 40  00 3f 00 ce 00 c5 20 00 
00 a6 00 b2 00 a3 00 40  00 b3 00 29 00 d1 80 01 
00 d0 00 26 00 7b 00 12  00 7b 00 f3 50 d8 00 00 
00 ee 03 75 00 1d 00 00  00 93 00 de 20 72 40 40 
00 ab 40 9f 80 c7 00 20  00 f0 00 1d 50 12 00 00 
00 f3 00 dc 00 3c 34 80  00 37 02 4f 94 4f 00 90 
00 72 00 bc 00 d6 00 0c  00 f4 00 e6 01 65 00 23 
04 5f 00 86 0a 8d 09 00  00 3d 01 ad 02 33 11 81 
00 33 00 ff 00 4a 00 40  00 96 00 97 01 3f 00 08 
00 78 00 7e 00 06 12 06  00 da 00 c7 80 7c 91 00 
00 5f 00 af 01 0f 00 00  00 ef c0 df 0c 18 00 00 
00 50 02 97 00 4d 00 00  00 68 00 dc 00 19 00 04 
00 ef 02 3f 42 82 00 02  00 ff 00 fa 18 a3 42 00 
00 bb 10 2f 00 96 40 00  00 c6 08 1e 00 72 04 20 
00 3c 00 ce 81 a3 00 00  00 52 00 f8 01 bf 00 40 
01 d5 00 1b 0b 6d 80 02  00 57 00 b2 0c 56 00 14 
00 ff 20 1e a0 21 00 01  00 fb 00 f9 00 c3 00 81 
00 e4 20 e1 00 f4 40 80  00 d9 00 69 00 f5 40 00 
00 b7 10 b6 08 af 00 42  00 f8 03 7f 00 3b 00 01 
00 ff 00 5e 08 9d 00 84  00 1c 70 33 10 6a 00 40 
00 1e 80 e1 00 a7 08 20  00 e2 00 7f 00 67 00 00 
20 ad 10 59 00 75 00 12  00 dd 00 7d 10 8d 01 00 
00 54 00 d6 12 72 00 04  00 6b 00 3e 04 12 00 0e 
00 fc 00 e8 80 da 00 81  00 5e 00 24 00 7d 00 1b 
00 df 40 95 00 91 00 82  00 af 04 e2 00 62 60 01 
00 d1 00 b7 22 a7 04 03  00 9e 00 4b 00 7c 00 00 
00 3a 02 38 03 ff 18 18  00 de 00 ef 80 5c 05 10 
00 6a 00 cd 00 9e 00 00  00 1e 00 50 20 4b 04 12 
00 bb 00 77 02 4d 02 00  00 ff 00 b4 22 0f 00 00 
00 cf 00 8b 40 76 40 20  00 67 00 b6 40 6c 48 00 
80 a7 00 cb 02 97 02 20  00 e6 00 90 00 bd 02 00 
00 ae 08 d6 10 3c 04 00  00 7f 00 41 20 b5 00 00 
00 a7 00 6f 00 47 81 10  00 d9 04 f7 30 b1 04 80 
00 a9 00 6a 10 b8 40 02  00 5b 00 fd 24 a9 00 50 
00 2b 00 e0 14 b4 11 02  00 f4 00 b6 00 80 00 80 